filter_id,arm,fueltype,group,Mg,Al,Si,S,K,Ca,Ti,Mn,Fe,Zn,Cl,Na,BC,PM25
3M50038,Control,Biomass,Baseline,0.0692,0.1938,0.0088,0.1313,0.3547,0.118,0.0111,0.0038,0.0827,0.0031,0.305,0.0908,2.584502789,24.28478888
3M50039,Intervention,Biomass,Baseline,0.1172,0.461,0.7402,0.2661,1.015,0.6348,0.0323,0.0161,0.2321,0.0046,0.7853,0.154,13.57936638,78.89901835
3M50040,Control,Biomass,Baseline,0.1216,0.0077,0.2425,0.3313,1.9132,0.6317,0.0276,0.0133,0.1395,0.0064,2.6481,0.0915,95.61282816,283.4125458
3M50046,Control,Biomass,Baseline,0.1992,1.6462,1.899,0.236,1.8146,0.5638,0.1105,0.0241,0.8825,0.0031,2.9458,0.1198,10.03408894,140.438434
3M50080,Intervention,Biomass,Baseline,0.1087,0.1857,0.8719,0.4874,0.7701,1.0556,0.0276,0.0038,0.1456,0.0031,1.2492,0.0517,10.65904838,57.53373586
3M50107,Control,Biomass,Control,0.03,0.0077,0.0088,0.1635,0.8615,0.0376,0.0111,0.0068,0.053900000000000003,0.0031,1.1414,0.0908,10.84864053,105.4094753
3M50113,Intervention,Biomass,Baseline,0.1708,0.0077,0.0731,0.2891,1.9753,0.3737,0.0161,0.0161,0.1554,0.0082,3.07,0.118,18.10095484,131.1334961
3M50148,Control,Biomass,Control,0.1881,0.7904,2.1355,0.2827,1.7105,0.6944,0.1059,0.0309,0.6341,0.0155,2.8362,0.1866,15.9761811,112.5138665
3M50150,Intervention,LPG,Intervention,0.0566,0.3094,0.6807,0.1107,0.4447,0.442,0.0438,0.0362,0.4971,0.0031,0.2703,0.092,2.550552014,17.11841205
3M50188,Intervention,Biomass,Baseline,0.0152,0.0077,0.0088,0.057,0.1998,0.0774,0.0111,0.0068,0.0429,0.0031,0.1273,0.0517,11.59620846,35.71485262
3M50190,Control,Biomass,Control,0.0407,0.1534,0.0088,0.1671,0.6321,0.1057,0.0111,0.0038,0.0429,0.0031,0.8163,0.0517,11.08881201,70.79872963
3M50193,Control,Biomass,Control,0.0685,0.297,0.175,0.187,1.0366,0.154,0.0254,0.0268,0.1404,0.0031,1.2601,0.0517,8.939040098,72.61272694
3M50212,Control,Biomass,Baseline,0.0665,0.559,0.6262,0.3996,0.3569,0.1987,0.046,0.0133,0.2411,0.0046,0.1773,0.0517,4.620283818,28.03391715
3M50727,Control,Biomass,Baseline,0.1399,0.6933,1.4347,0.2559,1.8091,0.9646,0.0668,0.0455,0.4789,0.0468,5.9117,0.0517,9.140840192,184.7196091
3M50733,Control,Biomass,Control,0.1028,0.9685,1.9362,0.4907,2.2967,0.8474,0.1313,0.0816,0.7857,0.0155,2.5568,0.0831,7.962898578,411.7681595
3M50755,Intervention,Biomass,Baseline,0.0694,0.0705,0.1134,0.4989,3.6518,0.4244,0.0111,0.0108,0.1375,0.0031,9.6665,0.0517,17.75336159,313.6862842
3M50757,Control,Biomass,Control,0.0785,0.2296,0.633,0.2385,0.9836,0.4297,0.0345,0.0334,0.2789,0.0137,1.1031,0.1036,11.16643865,45.47868061
3M50775,Intervention,LPG,Intervention,0.0194,0.0077,0.1443,0.2602,0.3411,0.1848,0.023,0.0148,0.2171,0.0046,0.1368,0.0517,2.575930641,21.89907638
3M50783,Intervention,Biomass,Baseline,0.0603,0.0077,0.0088,0.3684,1.2576,0.1691,0.0111,0.0093,0.0418,0.0031,2.555,0.0783,11.48788761,98.13229234
3M50786,Intervention,LPG,Intervention,0.0159,0.0254,0.0802,0.271,0.1541,0.1392,0.0206,0.0038,0.0917,0.0194,0.0623,0.0517,2.554747001,17.14656733
3M50794,Intervention,LPG,Intervention,0.0491,0.3327,0.0548,0.1706,0.1903,0.0787,0.023,0.0038,0.0997,0.0031,0.0636,0.0767,2.563241327,14.55320776
3M50813,Intervention,LPG,Intervention,0.0783,0.3119,0.0088,0.1614,0.561,0.2734,0.0111,0.0038,0.0219,0.0031,0.4474,0.0517,4.892116288,37.75852228
3M50821,Control,Biomass,Control,0.0743,0.2677,0.1638,0.2292,0.6394,0.1521,0.0206,0.0038,0.1067,0.0155,0.515,0.1401,5.112406666,27.09351385
3M50824,Control,Biomass,Control,0.0807,0.0345,0.0088,0.4675,2.0684,0.6224,0.0184,0.0038,0.1266,0.0031,4.7027,0.0871,12.86530738,328.5712221
3M50825,Intervention,LPG,Intervention,0.0464,0.3377,0.8315,0.2067,0.3773,0.204,0.076,0.0442,0.4898,0.0082,0.2849,0.1171,2.623794217,21.13198569
3M50829,Intervention,Biomass,Baseline,0.151,0.2604,0.9776,0.5758,3.7906,0.8678,0.0484,0.0495,0.2869,0.0046,9.1241,0.084,12.02412121,272.8286748
3M50833,Intervention,LPG,Intervention,0.0205,0.0077,0.0088,0.2402,0.3983,0.0572,0.0184,0.0148,0.1116,0.01,0.1963,0.1183,2.567415168,9.673464073
3M50871,Control,Biomass,Control,0.0066,0.0077,0.0088,0.7743,6.899,0.0696,0.0161,0.0121,0.0398,0.0212,9.2483,0.0517,11.95450085,363.6288972
3M50876,Control,Biomass,Control,0.0475,0.0471,0.3256,0.4014,3.1989,0.3415,0.0111,0.0309,0.0488,0.0046,7.4001,0.0517,10.51080519,211.2730529
3M50877,Control,Biomass,Control,0.1251,0.3795,0.8538,0.301,1.0006,0.4392,0.0391,0.0038,0.0648,0.0031,0.4493,0.1664,5.726621133,91.81537594
3M50888,Control,Biomass,Control,0.086,0.3353,0.1136,0.1328,0.7422,0.1797,0.0111,0.0108,0.1185,0.0031,1.0227,0.0517,9.697128059,85.14992908
3M50889,Control,Biomass,Control,0.1074,0.452,0.3665,0.1381,0.4799,0.3629,0.0111,0.0148,0.1445,0.0031,0.2758,0.0517,2.610565002,21.02543786
3M50890,Control,Biomass,Control,0.0703,0.3561,0.1494,0.2204,0.6821,0.0984,0.0111,0.0038,0.1136,0.0031,0.7524,0.0787,12.93550737,56.94877748
3M50924,Control,Biomass,Baseline,0.048,0.0077,0.0088,0.1943,0.5083,0.1702,0.0111,0.0038,0.0946,0.0031,0.4894,0.1056,7.609532835,51.39551477
3M50927,Intervention,LPG,Intervention,0.0762,0.4589,1.196,0.2383,0.3569,0.3828,0.0438,0.0161,0.4168,0.0031,0.6374,0.189,5.828880525,45.02540472
3M50986,Control,Biomass,Control,0.0457,0.1304,0.7161,0.2816,1.1341,0.3041,0.0206,0.0309,0.1704,0.0031,2.2682,0.0517,12.70248836,169.6289563
3M50987,Intervention,LPG,Intervention,0.0157,0.2221,0.3264,0.1969,0.3068,0.1432,0.0111,0.0294,0.275,0.0137,0.358,0.0517,4.639786074,9.689479742
3M50995,Control,Biomass,Control,0.0321,0.326,0.5431,0.5304,0.2825,0.0309,0.0111,0.0108,0.015,0.0212,0.3123,0.0517,22.97534826,127.206037
3M50998,Control,Biomass,Baseline,0.0924,0.5482,0.7029,0.6341,1.7561,0.2495,0.0276,0.0201,0.2151,0.0031,2.8837,0.1233,11.34860935,190.4920969
3M51000,Intervention,LPG,Intervention,0.1087,0.6929,0.3967,0.2076,0.3349,0.1938,0.0323,0.0228,0.3149,0.0031,0.5041,0.2235,2.584502789,9.73784653
3M51014,Intervention,LPG,Intervention,0.1342,0.5188,0.7902,0.3393,1.1012,0.4737,0.0161,0.0038,0.1505,0.0064,1.6692,0.2825,15.36308495,98.24713764
3M51018,Intervention,Biomass,Baseline,0.088,0.4315,0.277,0.8947,2.1853,0.3439,0.0111,0.0038,0.1545,0.0031,3.0864,0.0517,16.17437642,198.236443
3M51026,Control,Biomass,Control,0.1821,0.6334,0.4851,0.2212,0.6312,0.4796,0.03,0.0495,0.3048,0.0064,0.9296,0.2164,11.77192864,90.90435565
3M51036,Intervention,LPG,Intervention,0.065,0.8037,1.2168,0.4321,0.5066,0.2246,0.0599,0.0201,0.5081,0.0285,0.8766,0.1812,7.191615967,48.0150749
3M51073,Intervention,LPG,Intervention,0.0729,0.0632,0.3483,0.1209,0.2745,0.4358,0.0111,0.0161,0.1384,0.0082,0.3123,0.1693,2.601819391,9.803091732
3M51077,Intervention,Biomass,Baseline,0.1456,0.3337,0.7331,0.1877,1.9351,0.6597,0.023,0.0374,0.2641,0.0031,2.7522,0.0517,9.816311329,179.0682286
3M51083,Intervention,Biomass,Baseline,0.1739,0.7155,2.4463,0.1753,0.9389,0.8742,0.0829,0.0201,0.3967,0.0031,0.7415,0.147,10.14596113,46.44921734
3M51092,Intervention,LPG,Intervention,0.0393,0.2648,0.6869,0.4354,0.5159,0.1861,0.0369,0.0201,0.2531,0.0155,0.3068,0.1098,8.164597503,40.81420054
3M51094,Control,Biomass,Control,0.0966,0.6419,1.3885,0.3574,0.9429,0.6481,0.0621,0.063,0.4405,0.0303,1.178,0.1373,13.86799901,61.99037997
3M51102,Control,Biomass,Control,0.2491,0.2668,0.3786,0.3344,0.7754,0.2153,0.023,0.0201,0.248,0.0046,1.3734,0.0741,8.139135941,73.03855808
3M51112,Intervention,LPG,Intervention,0.1214,1.352,2.0476,0.2349,0.467,0.3138,0.0829,0.0334,0.5556,0.0064,0.3543,0.1004,2.610565002,23.36159762
3M51114,Control,Biomass,Baseline,0.2615,1.0024,0.9181,0.4031,1.789,1.3304,0.0345,0.0173,0.7455,0.0031,2.6901,0.1037,14.7115211,167.6400071
3M51125,Control,Biomass,Baseline,0.1211,0.4721,0.1813,0.1841,0.3399,0.3508,0.0369,0.0281,0.1655,0.0082,0.2849,0.0517,4.50918432,24.24444869
3M51129,Control,Biomass,Control,0.0953,1.0938,1.7344,0.5861,3.7157,0.4989,0.0645,0.0469,0.7181,0.023,9.9295,0.0517,19.41406262,489.9803081
3M51130,Intervention,LPG,Intervention,0.084,0.2226,0.3293,0.4284,0.5877,0.1532,0.023,0.0173,0.276,0.0031,0.2411,0.0884,8.14873529,36.43945037
3M51139,Control,Biomass,Baseline,0.0477,0.5035,0.8695,0.5176,2.7588,0.3832,0.0369,0.0389,0.4789,0.0031,4.6296,0.0517,14.44850614,102.8327467
3M51144,Control,Biomass,Control,0.1532,0.5327,1.7196,0.4568,0.6978,0.4206,0.0899,0.0562,0.4149,0.0031,0.904,0.3881,7.92275529,47.11915453
3M51146,Control,Biomass,Control,0.1169,0.0506,0.177,0.5276,1.1535,0.3401,0.023,0.0148,0.1067,0.0175,1.2108,0.273,9.860806345,70.43995229
3M51164,Control,Biomass,Control,0.0895,0.6078,0.8967,0.3709,1.705,0.4752,0.0506,0.0148,0.4241,0.0031,2.0929,0.1572,15.59808752,94.14428435
3M51187,Intervention,Biomass,Baseline,0.0977,0.5114,0.3503,0.2535,0.9705,0.3099,0.023,0.0068,0.1565,0.0031,1.3478,0.0908,14.72401052,319.7958233
3M51188,Intervention,LPG,Intervention,0.0873,0.5579,0.4084,0.16,0.3019,0.166,0.0111,0.0068,0.1644,0.0137,0.3488,0.2086,2.554747001,10.49407213
3M51198,Control,Biomass,Control,0.1008,0.5932,0.4834,0.1985,0.9002,0.2907,0.023,0.0615,0.2142,0.0031,1.6363,0.0999,9.426280076,52.83347112
3M51199,Intervention,LPG,Intervention,0.132,0.3105,0.1991,0.2845,0.3433,0.1127,0.0161,0.0038,0.0548,0.0119,0.2478,0.3136,2.635469353,14.90459022
3M51202,Intervention,LPG,Intervention,0.145,0.8266,1.377,0.2812,0.3667,0.2469,0.0575,0.0455,0.5939,0.0031,0.4675,0.4191,2.601819391,23.28333431
3M51253,Control,Biomass,Control,0.0153,0.0729,0.0258,0.25,2.7953,0.0679,0.0184,0.0121,0.0946,0.0082,5.0204,0.0517,12.80223352,117.9546888
3M51270,Intervention,Biomass,Baseline,0.013,0.0077,0.0561,0.8384,4.7074,0.397,0.0111,0.0108,0.0637,0.0303,15.6804,0.0517,10.46457803,555.4827123
3M51273,Control,Biomass,Baseline,0.2579,1.3334,2.2193,0.9131,5.4525,1.1874,0.1105,0.0615,0.7784,0.0031,8.3297,0.0939,10.71946536,409.6006573
3M51278,Control,Biomass,Control,0.0816,0.1653,0.4484,0.7511,7.0396,0.4135,0.0438,0.0402,0.1892,0.0064,16.831,0.0517,20.6994654,632.3942383
3M51280,Intervention,LPG,Intervention,0.0188,0.0077,0.0847,0.1382,0.2769,0.0835,0.0111,0.0038,0.0398,0.0031,0.1286,0.0517,2.661669898,10.93327672
3M51284,Control,Biomass,Control,0.0871,0.0961,0.1171,0.1974,1.0994,0.2078,0.0111,0.0093,0.1107,0.0031,1.6035,0.0517,15.56702944,108.1906814
3M51291,Control,Biomass,Baseline,0.1505,1.3763,1.7437,0.2814,1.7635,1.1467,0.0714,0.0696,0.86240000000000006,0.0285,3.6708,0.0517,8.972224132,267.1773725
3M51307,Control,Biomass,Control,0.0928,0.3541,0.1293,0.3006,0.9749,0.2517,0.0111,0.0038,0.0738,0.0031,1.2784,0.0517,15.05598302,80.32750338
3M51310,Intervention,LPG,Intervention,0.1662,0.9239,0.8509,0.3735,0.9007,0.8207,0.076,0.0133,0.6286,0.0046,1.3807,0.1414,10.3750303,73.34250309
3M51312,Intervention,LPG,Intervention,0.0294,0.0933,0.3779,0.2168,0.221,0.1868,0.023,0.0093,0.2221,0.0031,0.0705,0.0517,2.632688434,10.81423026
3M51314,Intervention,LPG,Intervention,0.1081,0.0458,0.1408,0.2281,0.2506,0.6447,0.0111,0.0038,0.0568,0.0031,0.2648,0.0804,2.60618486,10.70536217
3M51322,Control,Biomass,Baseline,0.168,1.9021,3.0062,0.5031,3.5952,0.727,0.1129,0.0402,0.9555,0.0321,6.9673,0.1158,20.59541886,233.231869
3M51328,Control,Biomass,Control,0.0212,0.0469,0.1311,0.2623,0.7373,0.0928,0.0206,0.0093,0.1225,0.0031,0.442,0.0517,10.97277652,51.65596501
3M51332,Intervention,Biomass,Baseline,0.2679,2.1399,3.7031,0.5977,1.9497,0.782,0.076,0.0148,0.8879,0.0394,3.7859,0.1045,11.75151683,204.209224
3M51338,Intervention,LPG,Intervention,0.0617,0.5121,1.0656,0.3583,0.6224,0.1788,0.0254,0.0133,0.2301,0.0082,0.2098,0.1735,6.457291309,31.8054293
3M51353,Intervention,LPG,Intervention,0.0641,0.4814,0.2531,0.4127,0.2767,0.0838,0.0111,0.0038,0.1196,0.0031,0.0475,0.116,2.567415168,18.38036441
3M51356,Control,Biomass,Control,0.0798,0.7681,1.0032,0.6102,4.607,0.2456,0.0645,0.0188,0.4515,0.01,10.1285,0.0517,16.29961789,322.3053466
3M51359,Intervention,LPG,Intervention,0.1408,0.5152,0.5937,0.6074,0.2056,0.3934,0.0111,0.0038,0.0787,0.0031,0.1098,0.1452,5.74970367,29.72071671
3M51366,Intervention,LPG,Intervention,0.0756,0.5227,0.7278,0.646,0.3448,0.2436,0.0323,0.0093,0.248,0.01,0.1246,0.1538,4.166217287,26.55344381
3M51377,Control,Biomass,Control,0.0546,0.1848,0.2162,0.4418,0.2898,0.0614,0.0254,0.0068,0.1963,0.0031,0.0555,0.1348,2.623794217,17.60998807
3M51385,Intervention,LPG,Intervention,0.0902,1.2375,1.4702,0.5738,0.6169,0.2851,0.0575,0.0241,0.6067,0.0194,0.3726,0.1722,9.810163515,35.08995669
3M51400,Intervention,LPG,Intervention,0.0398,0.2798,0.5935,0.5104,0.4038,0.2182,0.0161,0.0133,0.2142,0.0082,0.1571,0.1273,4.978666427,33.31799372
3M51406,Intervention,LPG,Intervention,0.0647,0.4091,1.0967,0.589,0.4852,0.263,0.0415,0.0121,0.2769,0.0064,0.1123,0.2215,2.569582702,22.42235865
3M51408,Control,Biomass,Control,0.1972,0.9053,1.7695,0.7426,1.2749,0.7557,0.0668,0.0389,0.6304,0.0137,1.808,0.1572,16.39451432,284.5332838
3M51418,Intervention,LPG,Intervention,0.1565,0.2831,0.6649,0.4672,1.4311,0.5627,0.0369,0.0188,0.2162,0.0082,2.0053,0.1552,15.28507606,70.79872963
3M51456,Control,Biomass,Control,0.1505,0.7291,1.0855,0.4071,0.2623,0.713,0.0621,0.0038,0.2938,0.0031,0.4255,0.252,2.687346326,25.25113861
3M51466,Control,Biomass,Baseline,0.1176,0.6187,0.7446,0.4555,0.9367,0.2749,0.0184,0.008,0.1574,0.0064,1.777,0.1417,13.61181349,128.8364297
3M51467,Intervention,LPG,Intervention,0.0066,0.0077,0.0088,0.0033,0.002,0.0051,0.0111,0.0038,0.0055,0.01,0.0038,0.0517,2.619369606,49.22481657
3M51469,Intervention,LPG,Intervention,0.1395,0.6109,0.892,0.3859,0.3043,0.164,0.0161,0.0038,0.1145,0.0031,0.1828,0.2802,2.533908934,10.40847611
3M51478,Control,Biomass,Baseline,0.1326,0.6845,0.8874,0.5132,1.0132,0.2378,0.0369,0.0093,0.1724,0.0119,2.0509,0.1996,13.61181349,128.8364297
3M51486,Intervention,LPG,Intervention,0.0656,0.7018,0.4242,0.1883,0.4056,0.0615,0.0161,0.008,0.2272,0.0031,0.2502,0.1014,3.746624047,30.4725055
3M51500,Control,Biomass,Control,0.0121,0.0077,0.1709,0.1846,0.3651,0.2321,0.0111,0.0121,0.278,0.0031,0.263,0.0846,2.567415168,18.38036441
3M51510,Intervention,LPG,Intervention,0.0603,0.9104,1.2421,1.0167,0.61240000000000006,0.1333,0.0805,0.0108,0.5994,0.0031,0.0731,0.175,2.584502789,33.53613702
3M51532,Intervention,LPG,Intervention,0.1569,0.6684,2.1367,1.1137,0.9119,1.1968,0.0968,0.0093,0.4862,0.034,0.4273,0.3298,2.623794217,41.08997217
3M51551,Intervention,LPG,Intervention,0.1399,1.0916,2.0316,0.6514,0.5461,0.3227,0.0853,0.0615,0.866,0.0155,0.1516,0.3846,4.762974459,55.27132635
3M51600,Control,Biomass,Baseline,0.1898,1.0289,2.6899,0.4734,1.2656,0.6149,0.0829,0.0362,0.4898,0.0031,1.0812,0.4438,11.28260507,78.27729852
3M51612,Control,Biomass,Baseline,0.3888,0.4957,0.3085,0.3052,0.9729,0.4505,0.0111,0.008,0.248,0.0031,0.8638,0.1693,7.104850409,63.28710945
3M51617,Control,Biomass,Baseline,0.1308,1.0881,1.3547,0.3853,1.1332,0.2928,0.0645,0.0522,0.5263,0.0031,0.9186,0.2413,13.15510179,105.3759286
3M51618,Control,Biomass,Control,0.2126,0.5364,0.427,0.4812,2.0264,0.4703,0.0206,0.0241,0.2212,0.0137,2.6499,0.1954,16.93868444,122.5136831
3M51632,Intervention,LPG,Intervention,0.1671,0.6942,1.537,0.4558,0.7102,0.2509,0.0111,0.0241,0.1863,0.0064,0.2228,0.2924,5.674606813,34.81039438
3M51658,Intervention,Biomass,Baseline,0.149,0.6947,0.585,0.2553,0.4805,0.4179,0.0323,0.0133,0.3258,0.0031,0.7451,0.1625,8.104304534,53.10688762
3M51661,Control,Biomass,Control,0.0944,0.585,1.0625,0.2363,0.5577,0.2151,0.0111,0.0148,0.3576,0.0031,0.61,0.257,8.426378219,60.44434428
3M51662,Intervention,LPG,Intervention,0.1114,0.2237,0.6003,0.7234,1.8694,0.2906,0.0111,0.008,0.1874,0.01,1.0118,0.3443,12.68458421,60.59039999
3M51665,Intervention,Biomass,Baseline,0.0857,0.5276,1.0097,0.9882,4.9887,0.4171,0.0391,0.0349,0.254,0.0321,3.2343,0.0897,32.46684099,780.2623916
3M51672,Control,Biomass,Control,0.0882,0.0559,0.1242,0.5075,0.9462,0.2641,0.0206,0.0108,0.1456,0.0064,0.915,0.25,11.85444265,61.82933539
3M51678,Intervention,Biomass,Baseline,0.032,0.223,0.3317,0.6469,5.8397,0.1518,0.0276,0.0093,0.2122,0.0285,13.929,0.0517,7.723581149,654.86269
3M51684,Control,Biomass,Control,0.2082,1.5531,2.8463,0.5908,4.8407,0.9276,0.1059,0.0442,0.6797,0.0031,13.0542,0.1655,16.90301827,259.037748
3M51685,Control,Biomass,Baseline,0.151,0.6414,0.9928,0.3894,0.6584,0.4869,0.076,0.0309,0.3298,0.1835,0.6319,0.3598,10.14141426,93.28960124
3M51688,Intervention,LPG,Intervention,0.1598,0.8452,0.7926,0.3543,0.2772,0.3567,0.0323,0.0228,0.3346,0.0031,0.1368,0.387,2.588810294,20.85022588
3M51689,Intervention,LPG,Intervention,0.2655,2.0184,2.8243,0.4427,1.4804,0.8949,0.1516,0.0334,1.2678,0.0031,2.4582,0.3572,12.56592971,104.0716954
3M51690,Intervention,LPG,Intervention,0.0663,0.4653,0.1487,0.2425,0.2029,0.0657,0.0111,0.0121,0.1196,0.0031,0.0555,0.1297,2.030966173,26.68107187
3M51691,Intervention,LPG,Intervention,0.0948,0.6682,1.2698,0.4593,0.6092,0.3958,0.046,0.0294,0.5556,0.0082,0.1733,0.2416,4.382529245,35.2622478
3M51694,Intervention,LPG,Intervention,0.0345,0.0968,0.2557,0.2612,0.2542,0.0743,0.0111,0.0038,0.1644,0.0031,0.061,0.1941,2.655190045,19.00875294
3M51695,Intervention,LPG,Intervention,0.0553,0.3379,0.4297,0.2677,0.1784,0.0857,0.0323,0.0228,0.284,0.0175,0.05,0.2566,2.575930641,20.74649341
3M51698,Control,Biomass,Control,0.1364,0.561,1.602,0.5731,1.4913,0.4149,0.0668,0.0133,0.4825,0.0175,0.946,0.3187,16.50434893,93.91993638
3M51705,Control,Biomass,Baseline,0.1134,1.6725,2.7487,0.4418,2.2474,0.3527,0.0944,0.0751,1.003,0.0248,3.3567,0.2539,18.46851838,256.2401497
3M51711,Intervention,Biomass,Baseline,0.0774,0.2869,0.3969,0.3985,0.4336,0.1109,0.0323,0.0228,0.2292,0.0031,0.1408,0.286,5.862994115,35.58059023
3M51728,Control,Biomass,Control,0.1167,0.6573,1.4106,0.6748,2.6182,0.3338,0.0621,0.0038,0.3547,0.0046,3.4444,0.1222,20.26005448,214.9266981
3M51743,Control,Biomass,Control,0.0816,0.7276,0.6724,0.4239,1.0218,0.1328,0.023,0.0038,0.271,0.0155,1.6491,0.1214,6.610977784,109.9188185
3M51747,Control,Biomass,Control,0.1359,0.4873,0.9131,0.4135,0.7555,0.3959,0.0206,0.0093,0.1185,0.0031,0.568,0.1645,12.36331222,75.96859965
3M51751,Intervention,Biomass,Baseline,0.1777,0.7813,2.2916,1.053,1.053,1.104,0.03,0.0173,0.3287,0.0031,0.7086,0.1664,14.92957922,112.735335
3M51757,Intervention,LPG,Intervention,0.1136,1.4479,2.2058,0.4056,0.6096,0.2385,0.0805,0.055,0.74,0.0031,0.2447,0.145,5.979695686,46.88077769
3M51767,Intervention,LPG,Intervention,0.0727,0.4277,0.601,0.3989,1.3657,0.1567,0.023,0.0214,0.2111,0.0194,2.06,0.1569,9.839510642,53.55366236
3M51769,Intervention,Biomass,Baseline,0.038,0.1401,0.2935,0.9924,1.2576,0.1739,0.023,0.0038,0.2002,0.0031,0.7634,0.0873,8.959960334,63.95034557
3M51775,Intervention,Biomass,Baseline,0.1372,0.3532,1.2256,2.0129,9.7151,0.5833,0.03,0.008,0.2053,0.0031,9.4455,0.1549,18.80120964,333.9340081
3M51778,Control,Biomass,Control,0.0307,0.0858,0.0953,0.9148,0.6956,0.1256,0.0111,0.0121,0.1275,0.0031,0.1678,0.0802,8.876264096,64.24439346
3M51780,Control,Biomass,Baseline,0.2935,2.6322,4.0872,1.1076,1.1051,0.9703,0.145,0.0402,1.3372,0.0082,1.0081,0.2484,7.404802993,62.15514489
3M51781,Intervention,LPG,Intervention,0.1589,0.7844,1.1646,1.0492,0.4526,0.6721,0.046,0.0201,0.5209,0.0155,0.107,0.1483,4.511644721,36.63960615
3M51782,Intervention,LPG,Intervention,0.103,0.8271,1.1769,0.2999,0.3519,0.1434,0.0484,0.0294,0.3377,0.0031,0.1693,0.1786,2.597468522,20.91995907
3M51789,Control,Biomass,Control,0.0864,0.7075,0.77,0.3278,0.3335,0.0915,0.0111,0.0133,0.275,0.0031,0.2539,0.112,9.57790822,89.3749107
3M51790,Control,Biomass,Baseline,0.0937,0.6721,0.4686,0.3883,1.0611,0.1426,0.0111,0.008,0.1952,0.0064,0.9716,0.0853,11.3193336,91.81537594
3M51796,Intervention,Biomass,Baseline,0.1214,1.327,2.3798,0.3178,0.4456,0.3369,0.0875,0.0241,0.7455,0.0031,0.3926,0.2539,3.779567861,41.49298682
3M51811,Intervention,Biomass,Baseline,0.3936,2.0491,3.7897,0.6065,3.0985,1.476,0.145,0.0871,1.4797,0.0212,5.099,0.2741,13.5173525,254.99423
3M51813,Control,Biomass,Baseline,0.0864,0.6218,1.3907,0.6237,4.4079,0.1775,0.0369,0.0268,0.2898,0.0321,10.3276,0.1415,15.03044551,141.3574636
3M51814,Control,Biomass,Control,0.2416,1.2342,1.9987,0.4173,0.6679,0.8386,0.1174,0.0522,0.9099,0.0031,0.8036,0.2139,6.782367542,60.6760104
3M51816,Control,Biomass,Baseline,0.1523,1.7757,2.7842,0.439,1.1354,0.6125,0.122,0.0161,0.8058,0.0082,1.4428,0.151,9.1041479,127.206037
3M51837,Control,Biomass,Control,0.0502,0.2387,0.4383,0.4067,0.7992,0.1151,0.0111,0.0038,0.1026,0.0031,0.4894,0.0937,11.31064251,77.49565418
3M51839,Control,Biomass,Baseline,0.3174,0.9252,1.9121,0.3561,0.5619,0.6931,0.0506,0.0241,0.2699,0.0137,0.4785,0.2144,6.921281493,54.83764382
3M51851,Control,Biomass,Baseline,0.0961,0.5355,0.2951,0.3541,0.3083,0.1485,0.0111,0.0038,0.1087,0.0119,0.1516,0.1563,11.17287164,74.44898743
3M51855,Control,Biomass,Control,0.1262,0.6912,0.9919,0.4096,0.608,0.328,0.0415,0.0173,0.2002,0.0031,0.2338,0.2036,8.202754442,64.04506242
3M51859,Control,Biomass,Control,0.0566,0.2661,0.282,0.4341,2.2785,0.2142,0.0111,0.0068,0.1107,0.0119,5.519,0.1163,18.05138991,366.1616849
3M51861,Intervention,LPG,Intervention,0.0951,1.1306,1.7366,0.3693,0.5709,0.2413,0.053,0.0214,0.5446,0.0137,0.2539,0.1748,4.879401366,38.54663608
3M51873,Control,Biomass,Control,0.1421,0.631,0.9073,0.9022,1.3493,0.5462,0.053,0.0201,0.4935,0.01,0.4255,0.2876,10.12786575,75.87768969
3M51874,Intervention,LPG,Intervention,0.1481,1.5984,2.4766,0.7212,0.7438,1.0844,0.1335,0.0429,1.2678,0.0031,0.1899,0.305,4.170721276,44.65452
3M51881,Control,Biomass,Control,0.5289,0.4562,1.2753,0.8269,1.3818,1.1159,0.0506,0.0482,0.3729,0.0031,0.9223,0.2674,8.629993864,135.2699218
3M51895,Intervention,Biomass,Baseline,0.05,0.0077,0.0464,0.9891,1.3359,0.1492,0.0111,0.0068,0.0888,0.0031,0.7305,0.1344,13.77476477,198.0771458
3M51909,Control,Biomass,Control,0.0984,0.6007,1.5133,0.9814,1.9936,0.4191,0.0276,0.0334,0.2959,0.0031,0.7433,0.1185,12.32603485,83.71233232
3M51914,Intervention,LPG,Intervention,0.0511,0.3908,0.5431,0.8406,0.5002,0.233,0.023,0.0133,0.2232,0.0031,0.0583,0.0873,4.410234794,40.27361511
3M51915,Control,Biomass,Control,0.0665,0.7501,0.5623,0.9318,0.8258,0.1684,0.0276,0.0038,0.2659,0.0064,0.1233,0.1017,8.085116058,47.39884393
3M51916,Control,Biomass,Baseline,0.0747,0.404,0.2303,1.1913,0.9062,0.0972,0.0111,0.0038,0.1813,0.01,0.0488,0.1695,7.699414136,54.8395635
3M51924,Control,Biomass,Baseline,0.1452,0.8249,1.2296,1.1219,2.0904,0.3901,0.0276,0.0161,0.2641,0.0046,1.4775,0.2106,18.03860936,201.5521835
3M51926,Intervention,LPG,Intervention,0.0466,0.4325,0.7919,0.9581,0.2595,0.1731,0.03,0.0268,0.3912,0.0082,0.023,0.1499,2.619369606,19.92433052
3M51928,Control,Biomass,Control,0.1832,0.3634,0.5019,1.2072,2.063,0.2991,0.0276,0.0201,0.267,0.0119,0.8967,0.1686,10.44814116,69.50075292
3M51929,Intervention,Biomass,Baseline,0.0727,0.4257,0.8852,1.114,1.4055,0.3004,0.053,0.0241,0.3967,0.0212,1.3058,0.1185,11.2612405,153.6581272
3M51931,Intervention,Biomass,Baseline,0.1067,0.421,0.9285,1.1232,0.8317,0.3433,0.0206,0.0161,0.3506,0.0119,0.2703,0.1529,11.46881944,84.72908923
3M51933,Intervention,LPG,Intervention,0.034,0.1132,0.1317,1.118,0.4264,0.055,0.0111,0.0038,0.1594,0.0046,0.0038,0.1366,4.174689874,25.39894625
3M51937,Control,Biomass,Control,0.1607,0.7502,0.8401,1.2904,0.8593,0.3994,0.0805,0.0214,0.4916,0.0137,0.2447,0.2993,9.282383069,75.94453134
3M51942,Control,Biomass,Baseline,0.0893,0.5358,0.4385,1.1719,1.1938,0.1759,0.0276,0.0254,0.2381,0.0031,0.7086,0.1359,24.45136292,170.5822792
3M51950,Control,Biomass,Baseline,0.145,0.7426,0.9245,1.4521,0.5304,0.1536,0.0111,0.0038,0.2022,0.0031,0.0568,0.3039,7.352855703,54.26138517
3M51953,Intervention,LPG,Intervention,0.1271,0.6189,0.4445,1.3956,0.633,0.2009,0.0184,0.0093,0.2949,0.0031,0.0961,0.3311,6.797485432,48.65052705
3M51957,Intervention,LPG,Intervention,0.1512,0.702,0.9743,1.4477,0.5375,0.3667,0.0575,0.0241,0.4095,0.0031,0.0568,0.336,7.178856074,44.33859836
3M51966,Control,Biomass,Baseline,0.3479,1.1752,1.581,0.7101,3.5733,0.8512,0.0676,0.0924,0.7236,0.0173,5.9847,0.1991,8.744535374,175.7551613
3M51967,Control,Biomass,Baseline,0.0791,0.4142,0.3689,0.7245,3.524,0.2365,0.0369,0.0201,0.254,0.01,6.8047,0.101,14.66156358,258.7168468
3M51976,Intervention,LPG,Intervention,0.1001,0.9582,0.7557,1.354,0.7133,0.275,0.0785,0.0068,0.6396,0.0393,0.1753,0.1574,6.200724125,64.22511821
3M51977,Control,Biomass,Control,0.1333,0.7312,1.2212,1.4386,1.2682,0.1744,0.0438,0.0038,0.2601,0.0031,0.1771,0.2714,11.077726,82.85352197
3M51985,Intervention,LPG,Intervention,0.0515,0.3275,0.1992,1.2673,0.6408,0.0643,0.0111,0.0108,0.0957,0.0031,0.0705,0.1256,6.474891945,44.14542938
3M51995,Control,Biomass,Control,0.0959,0.5724,0.8127,1.4155,2.1305,0.2349,0.0438,0.0362,0.3079,0.0031,1.3368,0.1779,19.68387197,243.6562761
3M51996,Control,Biomass,Control,0.4604,1.428,4.0569,1.4484,1.7488,2.3343,0.1059,0.0522,0.7345,0.021,0.5278,0.4301,15.18855873,93.69935645
3M52002,Intervention,Biomass,Baseline,0.1708,0.9471,1.2258,1.4433,1.3062,0.856,0.0345,0.0173,0.5373,0.0212,0.767,0.2235,13.90622622,131.6127215
3M52016,Control,Biomass,Baseline,0.1708,0.6492,0.8138,1.7841,3.1459,0.5214,0.0714,0.0643,0.3547,0.0192,2.7029,0.1432,11.13669692,332.6531764
3M52022,Control,Biomass,Control,0.1653,1.236,1.8719,0.5545,1.8201,0.5587,0.0877,0.0188,0.5702,0.0046,1.7934,0.2219,15.36908363,154.7026726
3M52023,Intervention,LPG,Intervention,0.082,0.5282,0.4723,0.4675,0.3309,0.1525,0.03,0.0038,0.1863,0.034,0.0758,0.164,3.246725984,17.23947581
3M52026,Control,Biomass,Control,0.1163,0.6082,0.6315,0.6306,1.0958,0.8509,0.0254,0.0068,0.2549,0.0155,1.8208,0.1614,12.15771295,126.4685832
3M52031,Intervention,LPG,Intervention,0.1229,0.8315,1.2326,0.5311,0.4277,0.2469,0.046,0.0161,0.3857,0.0031,0.1246,0.3368,3.246725984,17.23947581
3M52035,Control,Biomass,Control,0.1412,0.6852,0.9453,0.5488,1.0417,0.383,0.0369,0.0108,0.3401,0.0338,1.6765,0.1797,17.10036236,206.185567
3M52045,Intervention,Biomass,Baseline,0.1092,0.791,0.9654,0.526,1.7342,0.2394,0.0323,0.0108,0.3309,0.0303,3.9356,0.2184,16.08656671,264.764773
3M52049,Intervention,LPG,Intervention,0.1536,0.8744,1.1542,0.4873,0.4578,0.3629,0.046,0.0281,0.5154,0.0031,0.107,0.3875,3.797653648,30.90827785
3M52050,Control,Biomass,Control,0.162,0.6993,0.555,0.6465,0.7407,0.4356,0.0345,0.067,0.2869,0.0301,0.2064,0.1545,6.722393818,51.00803315
3M52051,Intervention,LPG,Intervention,0.1903,1.0998000000000001,1.2541,0.5106,0.4655,0.1432,0.0645,0.0349,0.5318,0.0155,0.1448,0.3802,4.391543848,27.98688037
3M52064,Intervention,Biomass,Baseline,0.1731,1.2791,1.6062,0.8008,0.9444,0.3985,0.0621,0.0214,0.4551,0.0137,1.1999,0.2836,10.60673995,189.0698316
3M52067,Control,Biomass,Control,0.1003,0.3342,0.3002,0.6299,0.5629,0.1105,0.0111,0.0038,0.1246,0.0031,0.1151,0.2661,15.14574626,90.05080944
3M52069,Intervention,LPG,Intervention,0.1339,0.4652,0.7722,0.5263,0.3254,0.6516,0.0484,0.0038,0.1793,0.0431,0.0773,0.2334,2.588810294,30.11699293
3M52077,Control,Biomass,Control,0.1788,0.6761,0.9522,0.7753,1.5297,0.4107,0.0621,0.0228,0.3748,0.0137,1.3021,0.177,8.71755018,106.9242353
3M52083,Intervention,LPG,Intervention,0.0937,0.5121,0.957,0.5926,0.6421,0.1819,0.0111,0.0108,0.1465,0.0082,0.0623,0.1602,39.84683964,108.3892117
3M52084,Control,Biomass,Control,0.0864,0.5156,0.3536,0.7484,1.8475,0.0966,0.0323,0.008,0.1225,0.063,1.2547,0.1534,20.44298971,131.520522
3M52086,Control,Biomass,Control,0.0941,0.3212,0.1165,0.6881,1.0413,0.2458,0.0276,0.0214,0.1205,0.0031,0.1273,0.1395,7.853562947,57.1621527
3M52091,Control,Biomass,Control,0.216,1.035,1.1374,0.9462,3.356,1.0355,0.0369,0.0334,0.6962,0.0155,4.1329,0.143,32.16581148,194.9269865
3M52115,Control,Biomass,Baseline,0.328,2.2514,3.6456,1.2817,2.4246,1.4504,0.1644,0.0281,1.1418,0.0031,3.459,0.3353,20.49244632,239.227714
3M52119,Intervention,LPG,Intervention,0.1019,0.6306,0.4812,0.8317,0.4597,0.2851,0.0438,0.0522,0.298,0.0031,0.1165,0.1141,4.890714535,26.55344381
3M52120,Control,Biomass,Control,0.0948,0.4053,0.2728,0.9447,1.4603,0.1947,0.0599,0.0148,0.2889,0.0031,1.251,0.0822,9.740517348,112.059533
3M52125,Control,Biomass,Control,0.2537,0.5464,0.5833,0.9422,2.2766,0.9047,0.0506,0.0309,0.284,0.0031,2.1952,0.1326,12.77195802,259.1512796
3M52127,Control,Biomass,Control,0.1127,0.4104,0.3548,0.9047,1.0346,0.1934,0.0676,0.0038,0.1693,0.0031,0.1598,0.1288,7.976015016,40.71048144
3M52138,Control,Biomass,Control,0.0665,0.3952,0.0426,0.8744,1.2494,0.0891,0.0111,0.0068,0.0458,0.032,1.4811,0.0517,9.848306373,182.309266
3M52143,Intervention,LPG,Intervention,0.1932,0.8255,1.4292,1.3768,0.8003,0.4073,0.0111,0.0038,0.2581,0.0447,0.0931,0.2325,7.943608184,60.13376293
3M52146,Control,Biomass,Baseline,0.1112,0.9772,0.9844,0.8089,0.4188,0.2277,0.0329,0.0281,0.435,0.0137,0.0853,0.166,5.823548086,42.08719899
3M52166,Control,Biomass,Control,0.0493,0.187,0.0088,0.5966,0.8098,0.063,0.0111,0.0188,0.0698,0.0031,0.2758,0.1171,9.789824249,102.6185614
3M52171,Intervention,LPG,Intervention,0.1114,0.7179,0.8264,0.8916,0.5751,0.2807,0.0111,0.008,0.3309,0.021,0.088,0.2089,5.317487124,42.01842906
3M52173,Intervention,Biomass,Baseline,0.1355,0.4197,0.4821,1.0244,1.039,0.257,0.0415,0.0148,0.1554,0.0064,0.2776,0.2515,8.650642283,106.4838554
3M52184,Control,Biomass,Control,0.0488,0.4231,0.3439,0.2957,0.1888,0.1037,0.0111,0.0188,0.1834,0.0031,0.0163,0.1014,22.48221667,107.6774733
3M52185,Intervention,Biomass,Baseline,0.0831,0.4644,0.4533,0.5451,0.629,0.1782,0.0415,0.0173,0.2341,0.0031,0.2593,0.1529,10.34327529,61.93136399
3M52189,Intervention,LPG,Intervention,0.0754,0.7773,0.6969,0.9917,0.4168,0.0908,0.0506,0.0214,0.2949,0.0265,0.0568,0.2087,3.124441894,23.4372289
3M52193,Intervention,LPG,Intervention,0.0572,0.3528,0.1152,0.3207,0.2102,0.082,0.023,0.0121,0.1635,0.0031,0.027,0.0997,2.588810294,10.63399309
3M52204,Intervention,LPG,Intervention,0.061,0.3855,0.2584,0.5831,0.4852,0.1328,0.0111,0.0161,0.1655,0.0031,0.1476,0.1441,6.905332474,41.63106664
3M52209,Control,Biomass,Control,0.1242,1.6391,2.6119,0.9398,2.7423,0.2893,0.0804,0.0349,0.7637,0.0247,4.931,0.1193,17.33768644,215.4308024
3M52210,Intervention,Biomass,Baseline,0.0562,0.2604,0.0088,1.0163,0.2876,0.0446,0.0111,0.0133,0.0917,0.0031,0.0338,0.1057,2.692901723,26.50825973
3M52212,Intervention,LPG,Intervention,0.101,0.4642,0.8123,1.0048,0.5745,0.1697,0.0111,0.0068,0.1456,0.021,0.0175,0.2423,2.554747001,21.71898529
3M52216,Intervention,LPG,Intervention,0.0937,0.9051,1.4426,0.8419,0.3331,0.1965,0.0553,0.0402,0.5282,0.0031,0.0623,0.1424,4.096974058,29.05549871
3M52224,Control,Biomass,Baseline,0.097,0.4792,0.6867,0.9867,1.5315,0.2055,0.0668,0.0161,0.235,0.0082,0.4949,0.1653,9.377577617,101.595785
3M52229,Control,Biomass,Control,0.1351,0.4179,0.3979,0.8246,0.9535,0.242,0.0184,0.0108,0.1554,0.0155,0.2228,0.1923,10.31079276,63.70902351
3M52236,Intervention,LPG,Intervention,0.2067,1.3644,1.8453,0.7869,0.6335,0.5112,0.0676,0.0482,0.8934,0.0031,0.1638,0.2864,4.630454601,38.01750587
3M52242,Intervention,LPG,Intervention,0.0736,0.198,0.0555,0.3536,0.7097,0.0771,0.0111,0.0038,0.0738,0.0031,0.1286,0.1938,6.417254572,29.15300039
3M52264,Intervention,LPG,Intervention,0.0889,0.6397,0.6268,0.2646,0.2637,0.2701,0.03,0.0038,0.3181,0.0031,0.0785,0.1697,2.546370781,19.36906229
3M52265,Intervention,LPG,Intervention,0.1282,0.5934,0.98,0.4358,0.6138,0.2299,0.0161,0.0093,0.2111,0.0031,0.0935,0.2524,28.3633403,75.69388932
3M52272,Intervention,LPG,Intervention,0.0886,0.3768,0.3024,0.4071,1.2642,0.1141,0.03,0.0188,0.1205,0.01,0.3926,0.1386,9.15008086,37.48308532
3M52274,Intervention,LPG,Intervention,0.0303,0.0077,0.0088,0.3722,1.0424,0.078,0.0111,0.0038,0.03,0.0119,0.1936,0.0964,9.15008086,37.48308532
3M52282,Intervention,LPG,Intervention,0.0603,0.4197,0.2624,0.4305,0.2546,0.0891,0.0345,0.0038,0.1286,0.0228,0.0365,0.1036,2.223026561,17.28874451
3M52283,Intervention,LPG,Intervention,0.0716,0.3333,0.1499,0.5267,0.5479,0.1297,0.0111,0.0038,0.1684,0.0031,0.0623,0.1488,4.348520145,34.29313467
3M52287,Control,Biomass,Control,0.1505,0.1538,0.0088,0.5161,2.9542,0.2102,0.0111,0.0281,0.0469,0.0338,1.5889,0.0893,8.077568748,137.377765
3M52299,Intervention,Biomass,Baseline,0.0745,0.4611,0.2374,0.5594,1.5553,0.0981,0.0553,0.0133,0.1624,0.032,2.4746,0.1224,14.44604691,149.0325424
3M52307,Control,Biomass,Control,0.084,0.6986,0.2971,0.0789,0.2628,0.1896,0.0345,0.0201,0.1693,0.0267,0.2058,0.0517,2.383095906,25.35863011
3M52329,Intervention,LPG,Intervention,0.2034,1.8681,2.3658,0.1879,0.5853,0.4703,0.1498,0.0791,1.0925,0.0194,0.7396,0.238,4.897839422,36.34092178
3M52332,Intervention,LPG,Intervention,0.0681,0.6702,0.3576,0.1532,0.6366,0.0541,0.0111,0.0214,0.2292,0.0031,0.3196,0.0986,2.597138003,10.66820062
3M52346,Intervention,LPG,Intervention,0.0698,0.7177,0.5296,0.1527,0.2749,0.1505,0.0161,0.0148,0.2062,0.0267,0.05,0.0864,2.554620459,14.85962229
3M52350,Control,Biomass,Control,0.1824,0.6008,0.4458,0.3156,0.2907,0.4955,0.0206,0.0173,0.1036,0.0413,0.1706,0.0864,6.493992292,10.58108766
3M52360,Intervention,LPG,Intervention,0.0668,0.9005,0.8145,0.2177,0.2462,0.1034,0.0438,0.008,0.3802,0.0031,0.0908,0.0758,3.384875012,17.46870749
3M52377,Intervention,LPG,Intervention,0.0303,0.2049,0.0088,0.0877,0.1399,0.0351,0.0111,0.0121,0.0378,0.0155,0.0678,0.0517,1.828907252,17.58337409
3M52378,Control,Biomass,Control,0.0486,0.5937,0.3165,0.2104,0.1967,0.1498,0.0345,0.0068,0.1574,0.0031,0.0813,0.0517,3.793951671,20.78095602
3M52388,Control,Biomass,Control,0.0442,0.4126,0.0314,0.2223,0.1793,0.0694,0.0111,0.0038,0.0438,0.0394,0.0813,0.0517,6.910706251,36.89452931
3M52391,Intervention,LPG,Intervention,0.1056,0.744,0.4739,0.236,0.2913,0.21,0.046,0.0173,0.1415,0.023,0.3178,0.0855,2.472099496,11.50182179
3M52404,Intervention,Biomass,Baseline,0.1435,0.7937,0.8052,0.4741,3.5222,0.3925,0.0438,0.008,0.269,0.0194,7.1627,0.0517,9.460306802,313.4068485
3M52413,Intervention,Biomass,Baseline,0.1583,0.709,1.1517,0.6063,1.6484,0.7475,0.0599,0.0469,0.3547,0.0155,2.8581,0.0517,14.8179494,230.7481472
3M52414,Intervention,LPG,Intervention,0.1096,0.7948,0.7172,0.6242,0.3019,0.3665,0.046,0.0121,0.3784,0.0267,0.0678,0.0993,2.727168781,11.20232489
3M52415,Intervention,LPG,Intervention,0.0426,0.3446,0.0223,0.3026,0.1691,0.0296,0.0111,0.0038,0.0807,0.0064,0.0285,0.0517,1.909013314,11.96321677
3M52417,Intervention,LPG,Intervention,0.057,0.2069,0.6686,0.3083,0.6299,0.208,0.0206,0.0038,0.1255,0.0031,0.134,0.0928,3.898110877,21.42146494
3M52421,Control,Biomass,Control,0.0665,0.3786,0.238,0.473,0.6516,0.1744,0.0254,0.008,0.1733,0.0046,0.3561,0.0517,11.0691915,58.41401189
3M52422,Control,Biomass,Control,0.0351,0.1934,0.4977,0.8078,0.6754,0.1401,0.0506,0.0309,0.2102,0.0137,0.1815,0.1551,7.335377928,48.81323784
3M52427,Control,Biomass,Baseline,0.2741,0.929,1.8544,0.6772,3.3377,1.3151,0.1198,0.0575,0.5793,0.0358,4.6716,0.2117,10.59301426,143.3596389
3M52433,Control,Biomass,Control,0.1048,0.0866,0.1001,0.7687,0.8087,0.4635,0.0184,0.008,0.1424,0.0064,0.4401,0.1003,10.00328632,60.13376293
3M52434,Control,Biomass,Control,0.0913,0.2798,0.3877,0.687,0.7871,0.614,0.0553,0.0121,0.3674,0.0046,1.2072,0.0842,10.68314045,114.8676885
3M52452,Control,Biomass,Control,0.0871,0.3875,0.3074,0.2621,0.6218,0.135,0.0184,0.0093,0.1107,0.0046,0.4255,0.1532,10.48982616,95.04543247
3M52457,Intervention,LPG,Intervention,0.0741,0.4915,0.1116,0.8405,0.5804,0.1193,0.0111,0.0161,0.1127,0.0064,0.1773,0.0517,7.12054123,71.53560058
3M52466,Control,Biomass,Control,0.0847,0.3618,0.0088,0.1147,1.0097,0.0763,0.0111,0.0038,0.0657,0.0192,0.6282,0.0517,5.927848569,54.5632977
3M52467,Intervention,Biomass,Baseline,0.145,0.5431,0.4297,0.3815,2.1835,0.2223,0.0276,0.0228,0.1892,0.0031,3.3494,0.1335,10.15027067,197.086444
3M52468,Control,Biomass,Baseline,0.1503,0.6164,0.5329,0.4047,2.3953,0.4124,0.0254,0.0108,0.1912,0.0502,4.0215,0.1172,20.15251497,312.6307544
3M52475,Control,Biomass,Control,0.1644,0.6476,0.7143,0.4904,2.052,0.5132,0.0184,0.0228,0.282,0.0356,2.9202,0.0517,14.26314355,179.2473682
3M52477,Intervention,LPG,Intervention,0.2078,1.6192,2.3937,0.3401,0.8971,0.9595,0.1114,0.0038,0.8003,0.0082,1.2291,0.2407,11.67498585,92.72837394
3M52482,Intervention,LPG,Intervention,0.0723,0.5539,0.1169,0.2133,0.2471,0.0482,0.0184,0.0038,0.1046,0.0031,0.0203,0.0955,2.63019326,10.803980900000001
3M52488,Intervention,LPG,Intervention,0.0902,0.4746,0.0088,0.2305,0.1744,0.0402,0.0111,0.0038,0.023,0.0031,0.0312,0.1401,2.540671057,10.43625272
3M52490,Intervention,LPG,Intervention,0.0815,0.4392,0.0533,0.1919,0.107,0.0369,0.0111,0.0038,0.0966,0.0484,0.0312,0.1169,1.984507941,11.82071201
3M52495,Control,Biomass,Baseline,0.1056,0.5355,0.3994,0.1476,0.5172,0.2051,0.0415,0.0442,0.1614,0.0031,0.2575,0.0517,5.895776828,27.03432853
3M52502,Intervention,LPG,Intervention,0.061,0.112,0.4372,0.3505,1.9552,0.1766,0.0111,0.0038,0.1246,0.0119,2.3011,0.1103,8.055836713,46.39905783
3M52509,Intervention,LPG,Intervention,0.1236,0.7086,0.645,0.1662,0.4633,0.2747,0.0111,0.0038,0.1724,0.0173,0.8912,0.1377,5.931652544,31.11974012
3M52510,Intervention,LPG,Intervention,0.1538,1.4977,1.6468,0.3064,0.2856,0.2422,0.076,0.0173,0.5994,0.0031,0.3105,0.2917,5.603748536,25.52615299
3M52518,Intervention,LPG,Intervention,0.1463,0.8865,0.6819,0.1859,0.2721,0.2606,0.0575,0.0133,0.2719,0.0031,0.2276,0.1198,3.696382127,23.20559363
3M52527,Intervention,LPG,Intervention,0.0895,0.5831,0.3892,0.2623,0.3295,0.1266,0.0111,0.0038,0.1565,0.0031,0.042,0.0988,4.111554342,17.92549873
3M52533,Control,Biomass,Baseline,0.12,0.4739,0.2473,0.3006,0.3601,0.2188,0.0111,0.0068,0.1026,0.01,0.1178,0.0979,5.097563023,25.56883887
3M52540,Intervention,LPG,Intervention,0.0798,0.5123,0.2075,0.2876,0.3457,0.0893,0.0484,0.0038,0.1266,0.0031,0.1815,0.0833,5.957249919,35.39813482
3M52542,Control,Biomass,Control,0.1019,0.7243,0.3976,0.2785,0.288,0.1739,0.0369,0.0038,0.2422,0.0082,0.0935,0.0924,2.614959893,16.38064884
3M52543,Intervention,LPG,Intervention,0.1793,1.0055,0.847,0.2878,0.6038,0.5778,0.0853,0.0038,0.3455,0.0031,0.515,0.1463,5.928153281,22.97545551
3M52547,Intervention,LPG,Intervention,0.1213,0.69,0.6145,0.2654,0.4367,0.2031,0.0111,0.0201,0.1635,0.0031,0.3726,0.1961,7.717689769,34.92500147
3M52561,Intervention,LPG,Intervention,0.1182,0.5831,0.2197,0.2703,0.3068,0.0581,0.0369,0.0038,0.1315,0.0031,0.1083,0.2288,2.60618486,16.32568022
3M52590,Control,Biomass,Control,0.1768,0.6209,0.5042,0.3154,0.7174,0.1777,0.0111,0.0038,0.1764,0.023,0.5917,0.271,12.42106387,38.01750587
3M52596,Control,Biomass,Control,0.2287,0.7552,1.2052,0.1496,0.437,1.18,0.053,0.0148,0.2789,0.0064,0.4748,0.1671,14.65255992,33.17897605
3M52601,Intervention,LPG,Intervention,0.0793,0.4891,0.1534,0.0701,0.164,0.3863,0.0184,0.0038,0.1087,0.0031,0.1368,0.0951,2.601819391,10.68743024
3M52616,Intervention,LPG,Intervention,0.1786,1.5191,1.7383,0.1101,0.3921,0.4109,0.0785,0.0816,0.8806,0.0031,0.6027,0.2016,4.288847915,23.23799815
3M52623,Control,Biomass,Control,0.1125,0.6651,0.7634,0.2507,1.2921,0.4073,0.0506,0.0188,0.2122,0.0031,1.8537,0.0884,15.06607478,111.8792608
3M52627,Intervention,LPG,Intervention,0.229,1.3235,1.8303,0.156,0.2597,0.2036,0.1059,0.0309,0.4843,0.0338,0.336,0.233,2.554641751,17.75801526
3M52628,Control,Biomass,Control,0.2413,1.0961,1.457,0.2422,1.4932,0.6361,0.0575,0.0214,0.5391,0.0137,2.4125,0.1509,14.7257118,187.7453225
3M52630,Control,Biomass,Control,0.1563,0.8894,1.1321,0.3355,1.926,0.1751,0.0484,0.0068,0.3601,0.034,3.2709,0.1428,17.76949698,192.3147488
3M52631,Intervention,LPG,Intervention,0.2434,1.4654,1.8774,0.2,0.3881,0.2394,0.1151,0.0038,0.6176,0.0031,0.4127,0.256,4.566823226,10.54610885
3M52632,Control,Biomass,Control,0.2632,1.3215,1.8849,0.3572,1.5187,0.4071,0.0548,0.0038,0.5428,0.0031,2.0326,0.2374,17.38503788,114.846993
3M52633,Intervention,Biomass,Baseline,0.4367,1.8403,2.8205,0.3185,1.4767,0.9902,0.1132,0.1112,0.8642,0.0031,2.5531,0.2708,17.40775713,106.9242353
3M52634,Intervention,LPG,Intervention,0.2093,1.1436,1.3851,0.1687,0.3512,0.1768,0.0323,0.0038,0.3821,0.0358,0.2612,0.194,2.597468522,10.66955829
3M52636,Control,Biomass,Control,0.3043,2.0379,2.7686,0.263,0.8823,0.7199,0.0858,0.0038,0.9701,0.0137,1.2547,0.271,12.6702961,87.17043587
3M52640,Control,Biomass,Control,0.2416,1.2201,1.7227,0.181,0.374,0.2434,0.0858,0.0294,0.4807,0.0119,0.4675,0.2568,17.42087649,74.48225821
3M52641,Intervention,LPG,Intervention,0.2188,1.1071,1.3273,0.1852,0.2266,0.2265,0.0161,0.0068,0.3766,0.0031,0.1908,0.2566,1.896078048,11.93164899
3M52642,Control,Biomass,Baseline,0.2307,1.2731,1.8484,0.2433,1.1615,0.2471,0.0853,0.0294,0.4752,0.0265,1.5469,0.2283,17.68764316,80.19317645
3M52643,Intervention,Biomass,Baseline,0.3494,1.9275,3.3669,0.3125,1.3483,0.7143,0.1424,0.0469,0.8094,0.0466,1.8318,0.3264,13.72020248,106.5678212
3M52703,Control,Biomass,Control,0.0977,0.3488,0.0416,0.3651,3.5514,0.2769,0.0111,0.0038,0.0279,0.0031,7.7489,0.0517,23.24389223,292.6804784
3M52705,Intervention,LPG,Intervention,0.1821,1.1106,1.4386,0.2515,0.3267,0.2254,0.0875,0.0038,0.5811,0.0155,0.4602,0.194,2.60618486,37.3158405
3M52707,Intervention,LPG,Intervention,0.0789,0.5125,0.092,0.1182,0.1572,0.0247,0.0111,0.0201,0.0867,0.0119,0.1056,0.109,2.588810294,10.63399309
3M52708,Intervention,LPG,Intervention,0.1797,0.8138,1.2729,0.1569,0.6041,0.3664,0.0276,0.0038,0.2131,0.0064,0.4949,0.1253,5.740168477,37.50462215
3M52710,Control,Biomass,Baseline,0.1887,1.0658,2.0599,0.3194,1.9881,0.4666,0.0767,0.0093,0.3967,0.0046,3.4024,0.191,16.60889378,166.3460644
3M52711,Intervention,LPG,Intervention,0.145,0.9626,1.4155,0.2272,0.3713,0.1958,0.0853,0.008,0.5391,0.0031,0.2371,0.1163,2.614959893,24.57097326
3M52712,Intervention,Biomass,Baseline,0.1246,0.5886,0.5638,0.1309,0.5663,0.2626,0.0111,0.0038,0.1046,0.0031,0.5314,0.1141,6.583459814,42.5045927
3M52721,Intervention,LPG,Intervention,0.0689,0.5209,0.1527,0.1275,0.2308,0.1227,0.0184,0.0093,0.1107,0.0031,0.2086,0.0942,2.571665855,25.31484378
3M52726,Intervention,LPG,Intervention,0.2166,0.9809,1.6696,0.2909,0.5809,0.2721,0.0731,0.0214,0.6834,0.0031,0.851,0.2259,2.588810294,23.16691764
3M52728,Control,Biomass,Control,0.0875,0.4595,0.1594,0.2644,1.4603,0.2685,0.0276,0.0575,0.1315,0.0247,4.825,0.0517,12.73667554,298.055076
3M52730,Intervention,Biomass,Baseline,0.2232,0.6494,1.0534,0.406,3.0656,0.8129,0.0111,0.0201,0.1675,0.01,4.7428,0.1132,18.20058192,281.7283452
3M52731,Control,Biomass,Control,0.0489,0.1151,0.3808,0.334,1.8712,0.3119,0.0111,0.0522,0.2131,0.0175,5.6907,0.0517,12.73667554,298.055076
3M52746,Intervention,Biomass,Baseline,0.1636,0.9438,1.2134,0.202,0.8542,0.2287,0.076,0.0068,0.3766,0.0031,1.1962,0.1262,7.406412229,133.1116115
3M52749,Intervention,LPG,Intervention,0.1236,0.7038,0.6697,0.1905,0.1569,0.122,0.0184,0.0038,0.2719,0.0031,0.0663,0.1096,0.972908539,12.01337261
3M52751,Intervention,LPG,Intervention,0.0243,0.3192,0.2696,0.0561,0.0159,0.0625,0.0111,0.0038,0.0268,0.0031,0.05,0.0517,2.584502789,20.81553332
3M52752,Intervention,LPG,Intervention,0.235,1.2791,1.598,0.2493,0.5187,0.2599,0.0714,0.0108,0.4807,0.0137,0.5588,0.231,2.580209595,24.24444869
3M52753,Control,Biomass,Baseline,0.2935,1.2599,1.667,0.3094,1.026,0.9623,0.046,0.0937,0.5227,0.0285,1.5195,0.2305,18.53106719,71.37282708
3M52754,Intervention,LPG,Intervention,0.2814,1.7682,2.7363,0.256,0.4407,0.5314,0.1351,0.0362,0.8532,0.0031,0.6045,0.2367,2.601819391,24.44750103
3M52761,Control,Biomass,Control,0.181,0.7495,0.8182,0.3576,2.6729,0.3066,0.023,0.0214,0.256,0.0031,4.9894,0.0977,14.89359744,177.0382548
3M52769,Intervention,LPG,Intervention,0.2716,1.2599,1.707,0.2736,0.366,0.2274,0.0986,0.0038,0.5464,0.021,0.7287,0.3715,4.485695139,29.39964168
3M52770,Control,Biomass,Control,0.2484,1.2923,1.8979,0.271,0.511,0.2772,0.076,0.0309,0.5062,0.0175,0.3233,0.2259,3.123519048,32.2036879
3M52771,Control,Biomass,Control,0.3707,2.1315,3.8339,0.4179,1.4,0.4007,0.1224,0.0294,1.0943,0.0031,3.1357,0.4421,13.03031624,183.1980308
3M52772,Intervention,LPG,Intervention,0.3161,1.5359,2.2697,0.3512,0.5577,0.2829,0.0365,0.0294,0.6487,0.0301,0.7597,0.3727,5.902912432,43.73346698
3M52773,Intervention,LPG,Intervention,0.3349,1.5682,2.1928,0.3589,0.6078,0.3877,0.0645,0.0161,0.6688,0.0031,1.0446,0.4129,2.614959893,26.91106595
3M52781,Intervention,LPG,Intervention,0.3768,1.7247,2.6468,0.3262,0.4613,0.3609,0.0877,0.0121,0.6998,0.0031,0.9022,0.45,2.567415168,25.27300106
3M52785,Control,Biomass,Control,0.3209,1.7616,2.8651,0.374,2.0264,0.5218,0.1114,0.0038,0.7802,0.0648,3.6544,0.2982,26.08068574,328.5408789
3M52788,Intervention,LPG,Intervention,0.2117,1.1049,1.3091,0.2394,0.1803,0.1706,0.0506,0.0133,0.4131,0.0031,0.1246,0.1859,2.773192288,19.27339543
3M52789,Control,Biomass,Control,0.2568,1.0304,1.7993,0.4116,0.7417,0.3446,0.0858,0.0038,0.5537,0.0119,0.9131,0.2425,14.63925475,126.2663029
3M52791,Control,Biomass,Control,0.4224,1.3829,1.941,0.3795,1.7872,1.0262,0.1041,0.0349,0.6816,0.0374,3.0298,0.1496,15.69448955,114.2797615
3M52793,Control,Biomass,Control,0.2623,1.1622,1.7585,0.4001,1.716,0.4847,0.0731,0.0038,0.5957,0.0447,1.9906,0.2643,15.78417612,82.84857965
3M52796,Control,Biomass,Control,0.193,1.0888,1.8387,0.5514,3.5057,0.2086,0.0575,0.0201,0.4953,0.0283,7.59,0.1589,13.58888799,256.1496098
3M52805,Intervention,LPG,Intervention,0.2055,1.1882,1.2357,0.2584,0.3371,0.1974,0.0548,0.0161,0.3492,0.0466,0.2831,0.1826,2.737298066,26.94528637
3M52807,Intervention,LPG,Intervention,0.2728,1.3032,1.8745,0.3026,0.3863,0.2414,0.0645,0.0241,0.5282,0.0082,0.1043,0.277,2.610565002,25.69775738
3M52809,Intervention,LPG,Intervention,0.2807,1.5837,2.1934,0.2763,0.2876,0.3446,0.0805,0.0321,0.7345,0.0411,0.2423,0.2648,2.608463199,12.93066578
3M52813,Intervention,LPG,Intervention,0.0588,0.496,0.2712,0.1903,0.2444,0.2075,0.023,0.0294,0.0917,0.0031,0.13,0.0517,2.631714663,23.88049254
3M52823,Control,Biomass,Control,0.2862,1.0028,1.049,0.223,1.8329,0.7543,0.0599,0.0455,0.5282,0.0046,4.047,0.0853,8.329430659,80.89431898
3M52824,Control,Biomass,Baseline,0.1147,0.6383,0.3749,0.2506,2.2566,0.2131,0.0184,0.0321,0.2042,0.0447,3.6708,0.0517,13.37814193,154.967895
3M52830,Control,Biomass,Control,0.1801,2.2383,3.2055,0.1503,0.6889,0.6282,0.168,0.1125,1.14,0.0137,0.8766,0.1846,6.790535325,41.10439459
3M52832,Control,Biomass,Control,0.2646,0.7725,1.1522,0.1653,0.5822,0.7269,0.046,0.0281,0.2381,0.0356,0.484,0.2086,6.988580896,62.75987722
3M52836,Intervention,Biomass,Baseline,0.2053,1.4179,1.5942,0.1709,0.8636,0.4235,0.0599,0.0321,0.6542,0.0082,1.0099,0.1923,7.981056145,61.25490088
3M52837,Intervention,Biomass,Baseline,0.1149,0.6032,0.2044,0.1286,0.6259,0.156,0.0184,0.0038,0.1225,0.0228,0.5972,0.1025,7.380729459,48.73174663
3M52840,Control,Biomass,Baseline,0.17,1.4689,2.3466,0.2277,1.3836,0.5661,0.095,0.051,1.0249,0.0321,3.6124,0.0731,9.839453662,208.1504265
3M52841,Control,Biomass,Baseline,0.2904,1.1747,1.6038,0.3302,2.6255,0.8556,0.0599,0.0415,0.5464,0.0031,4.4379,0.1081,17.30151254,195.1100871
3M52849,Control,Biomass,Control,0.1147,0.851,0.412,0.1735,0.2164,0.1751,0.0276,0.0038,0.1903,0.0265,0.0935,0.1046,5.14838627,36.06612343
3M52851,Intervention,LPG,Intervention,0.0424,0.3086,0.0088,0.1118,0.1669,0.0453,0.0111,0.0038,0.0055,0.01,0.0203,0.0517,1.402610075,17.09265051
3M52869,Control,Biomass,Control,0.0716,0.4516,0.0367,0.256,0.2686,0.1067,0.0111,0.008,0.0767,0.0119,0.0813,0.0517,4.828012787,27.19306128
3M52876,Control,Biomass,Control,0.0767,0.3742,0.1638,0.2297,0.4007,0.1974,0.0111,0.008,0.1306,0.0031,0.2071,0.0517,6.195658251,26.45357378
3M52899,Control,Biomass,Baseline,0.2544,0.6279,0.7256,0.2164,0.5039,0.5373,0.0254,0.0133,0.2549,0.0031,0.6976,0.0986,8.16809788,50.48196581
3M52905,Control,Biomass,Baseline,0.0647,0.4352,0.8691,0.5913,5.3466,0.1689,0.0276,0.0068,0.248,0.0031,7.4677,0.0517,13.83898174,670.8799222
3M52906,Control,Biomass,Control,0.0321,0.0878,0.1965,0.2058,0.1845,0.1172,0.0184,0.0038,0.1624,0.0031,0.0515,0.1048,2.595982534,11.50132722
3M52909,Intervention,LPG,Intervention,0.0281,0.0513,0.1945,0.2,0.5503,0.1065,0.0111,0.0038,0.1574,0.0031,0.3525,0.1342,7.3083276680000004,37.84694466
3M52916,Intervention,LPG,Intervention,0.114,0.364,0.9719,0.4104,0.4091,0.5939,0.0506,0.0482,0.3706,0.0175,1.3149,0.1057,6.170166476,194.5479963
3M52922,Intervention,LPG,Intervention,0.1428,0.6273,1.3136,0.2405,0.3349,0.2341,0.0369,0.0228,0.4533,0.0031,0.0528,0.2418,2.641643157,21.27574069
3M52928,Control,Biomass,Control,0.3024,0.862,1.6462,0.7197,4.1595,0.7553,0.0853,0.0321,0.53,0.0064,6.7791,0.1614,11.47207973,251.4600106
3M52929,Intervention,LPG,Intervention,0.1052,1.3034,1.4864,0.1467,0.3033,0.2232,0.053,0.0309,0.6231,0.0137,0.3251,0.1322,2.593132181,30.16727172
3M52933,Control,Biomass,Baseline,0.1158,0.6881,0.7196,0.1857,0.4787,0.2836,0.023,0.0038,0.2699,0.0046,0.3689,0.088,9.388142134,36.82159095
3M52936,Control,Biomass,Baseline,0.0917,0.5795,0.3662,0.1403,0.5057,0.2591,0.0111,0.0133,0.2082,0.0031,0.7141,0.088,12.083154,61.52525669
3M52942,Control,Biomass,Control,0.1357,1.1239,2.0595,0.2765,0.8344,0.4215,0.0506,0.0389,0.6633,0.0064,1.251,0.1099,12.23372261,86.28494836
3M52944,Intervention,LPG,Intervention,0.0066,0.0077,0.0088,0.0033,0.002,0.0075,0.0111,0.0038,0.0055,0.0031,0.0038,0.0517,2.590985656,14.00791803
3M52954,Control,Biomass,Control,0.0457,0.0077,0.0088,0.1574,0.9961,0.1848,0.0161,0.0038,0.0617,0.0031,1.2656,0.0517,11.8482826,114.5566929
3M52959,Intervention,LPG,Intervention,0.0928,0.3488,1.2373,0.2707,1.3452,0.4226,0.0438,0.0188,0.2471,0.0285,1.2273,0.1304,11.42799254,70.77706057
3M52961,Control,Biomass,Control,0.1109,0.8825,1.2426,0.181,0.8394,0.3758,0.0668,0.0201,0.5209,0.0031,1.2547,0.1432,6.119882631,52.06379164
3M52964,Intervention,LPG,Intervention,0.0793,0.5968,0.5135,0.1545,0.5128,0.1675,0.046,0.0108,0.28,0.0031,0.4,0.0517,6.529868679,50.63305337
3M52965,Intervention,LPG,Intervention,0.0522,0.4368,0.7294,0.1857,0.9111,0.2122,0.053,0.0133,0.3967,0.0321,0.851,0.0793,6.529868679,50.63305337
3M52966,Intervention,LPG,Intervention,0.0643,0.4714,0.8963,0.1094,0.2394,0.2195,0.0553,0.0173,0.2789,0.0031,0.0433,0.0882,2.025100913,19.24954834
3M52968,Control,Biomass,Control,0.1085,0.4328,0.2385,0.3722,1.6502,0.3021,0.03,0.0321,0.1255,0.0155,1.6729,0.0517,10.24523473,152.3149618
3M52980,Intervention,Biomass,Baseline,0.1282,0.6593,0.7511,0.1282,1.0143,0.4169,0.0254,0.0038,0.267,0.0031,1.4208,0.128,10.04948903,95.50600154
3M52981,Intervention,LPG,Intervention,0.0519,0.1443,0.1467,0.1527,0.4484,0.0893,0.0111,0.0038,0.1205,0.0031,0.6136,0.1496,7.419316068,48.56957775
3M52982,Intervention,LPG,Intervention,0.1403,1.6548,3.722,0.1309,0.4728,0.4336,0.1918,0.0495,1.3043,0.0064,0.8985,0.1625,2.588810294,38.22541411
3M52987,Control,Biomass,Control,0.0526,0.1854,0.2781,0.195,0.9137,0.1823,0.0206,0.0133,0.2431,0.0119,1.4683,0.1642,13.87978791,55.02641368
3M52989,Control,Biomass,Control,0.3046,0.6233,1.4194,0.1963,1.3708,1.4132,0.0645,0.1072,0.5501,0.0046,2.4764,0.1974,8.80450741,66.51887244
3M52991,Intervention,LPG,Intervention,0.0546,0.3243,1.1009,0.2097,0.2456,0.3132,0.0575,0.0108,0.4807,0.0155,0.3123,0.097,2.900384239,11.67356007
3M52992,Intervention,LPG,Intervention,0.0128,0.4719,1.2053,0.097,0.2555,0.24,0.0484,0.0161,0.6323,0.0031,0.4474,0.1271,2.871425229,28.37672882
3M52994,Intervention,LPG,Intervention,0.0276,0.0172,0.3028,0.24,0.2926,0.088,0.0254,0.008,0.2093,0.0046,0.2234,0.116,2.588810294,10.63399309
3M52996,Intervention,LPG,Intervention,0.1952,1.2786,1.5116,0.0942,0.1538,0.2993,0.0736,0.0254,0.5811,0.0082,0.2423,0.1702,2.628233801,21.16774201
3M53000,Control,Biomass,Control,0.1881,0.7983,0.9473,0.2464,1.9844,0.4891,0.023,0.0294,0.2949,0.0031,2.9458,0.0915,19.63028397,358.9864977
3M53001,Control,Biomass,Control,0.0973,0.433,0.3506,0.1748,1.0857,0.122,0.0111,0.0093,0.1156,0.0031,1.3898,0.1419,10.29022818,59.8350853
3M53013,Intervention,LPG,Intervention,0.1227,0.5411,0.6695,0.2268,0.3947,0.1229,0.0206,0.0201,0.261,0.0064,0.3013,0.236,5.459739631,27.70794137
3M53019,Control,Biomass,Control,0.0825,0.1938,0.4096,0.4427,2.0027,0.2794,0.0276,0.0201,0.2082,0.0031,4.6789,0.1224,12.96524138,232.8119316
3M53022,Intervention,LPG,Intervention,0.2531,1.9136,3.6929,0.3954,0.5871,0.5612,0.179,0.0562,1.5454,0.0031,0.7871,0.5236,5.193982331,32.93487623
3M53029,Intervention,LPG,Intervention,0.0309,0.0077,0.3861,0.1269,0.1424,0.2329,0.0111,0.0038,0.1545,0.0031,0.1746,0.0829,1.681106647,11.72039301
3M53033,Intervention,LPG,Intervention,0.0787,0.1512,0.4235,0.2789,0.3853,0.0984,0.023,0.0133,0.2171,0.0046,0.1328,0.2243,2.668876592,10.96287948
3M53040,Control,Biomass,Control,0.2118,0.7543,1.9653,0.2805,0.465,0.2736,0.0575,0.0133,0.5775,0.0031,0.5716,0.3002,6.327244503,46.53060336
3M53049,Control,Biomass,Control,0.2044,0.8534,1.4238,0.4851,1.8949,0.7818,0.0944,0.0161,0.5099,0.0031,4.1292,0.2462,11.40455079,162.0118903
3M53050,Control,Biomass,Control,0.206,0.8773,1.3949,0.362,1.3483,0.4867,0.0276,0.0173,0.5811,0.0031,2.1751,0.2469,20.82294872,153.3909347
3M53058,Intervention,LPG,Intervention,0.2078,0.8742,1.6363,0.194,0.3236,0.2675,0.0714,0.0038,0.5683,0.0031,0.2181,0.2126,2.268194414,19.32110608
3M53068,Control,Biomass,Control,0.2915,1.1084,1.8274,0.4049,2.2639,0.7044,0.0621,0.0201,0.4789,0.0031,3.4462,0.2027,17.48101443,202.8469689
3M53070,Control,Biomass,Control,0.3386,1.125,1.8551,0.3119,1.0454,0.4171,0.0575,0.0402,0.6615,0.0194,1.0538,0.3103,8.416340329,44.91545257
3M53071,Control,Biomass,Control,0.2758,1.2773,2.0489,0.2833,0.757,0.5702,0.0438,0.0173,0.6633,0.0031,0.9277,0.3234,10.55631908,72.42095263
3M53075,Intervention,LPG,Intervention,0.2573,0.7164,2.4512,0.4642,1.0894,0.6224,0.0645,0.0148,0.4825,0.0031,0.8839,0.3335,10.0707012,54.3303591
3M53076,Control,Biomass,Baseline,0.3886,1.1086,2.3862,0.4226,1.9844,0.686,0.076,0.0402,0.7309,0.0031,2.8837,0.385,15.10131335,119.6324436
3M53079,Control,Biomass,Control,0.4803,1.1641,2.41,0.4142,1.4639,2.9498,0.0668,0.0334,0.7583,0.0064,2.113,0.3651,13.81797631,90.39793877
3M53105,Control,Biomass,Control,0.1214,0.2464,0.4741,0.345,0.5945,0.3594,0.0254,0.0374,0.276,0.0031,0.5789,0.1861,11.4700933,58.04997774
3M53107,Control,Biomass,Control,0.2082,0.8005,1.712,0.3961,2.0831,0.3138,0.053,0.0038,0.5154,0.0064,3.1576,0.2537,18.40324617,78.63645922
3M53111,Control,Biomass,Control,0.3145,1.0729,2.1028,0.5451,2.1232,0.5545,0.0736,0.0294,0.7802,0.0031,2.2244,0.3074,18.41388743,152.8781367
3M53113,Control,Biomass,Control,0.2568,1.6491,2.8169,0.3101,0.7502,0.528,0.1151,0.0349,0.8496,0.0137,1.3807,0.2632,18.38759788,156.8126026
3M53118,Intervention,LPG,Intervention,0.2392,1.1632,2.1554,0.3415,0.3037,0.309,0.0736,0.0241,0.656,0.0031,0.3908,0.4126,1.596680527,16.83160249
3M53119,Control,Biomass,Baseline,0.4577,2.6041,4.405,0.532,2.7862,1.2042,0.2849,0.071,2.0476,0.0031,3.9758,0.3937,18.99960236,157.4262021
3M53122,Control,Biomass,Control,0.5304,1.6216,4.4284,0.4343,0.7367,1.524,0.1359,0.055,1.0925,0.0632,1.0812,0.5148,4.595467606,36.21317875
3M53129,Control,Biomass,Control,0.2997,1.2178,2.7427,0.5919,2.5506,0.6198,0.0875,0.0309,0.8112,0.0285,3.9375,0.2383,15.13213172,406.8617874
3M53137,Control,Biomass,Control,0.3669,1.4683,3.5788,0.4896,1.5133,0.481,0.099,0.0214,1.0085,0.0155,1.5176,0.3218,11.3776171,226.6829193
3M53144,Intervention,LPG,Intervention,0.3837,1.7273,3.7722,0.391,0.5331,0.5579,0.1359,0.0535,1.2349,0.0082,0.725,0.4116,5.363838611,34.92500147
3M53145,Intervention,Biomass,Baseline,0.4124,1.3571,3.5879,0.4169,1.2061,0.6494,0.092,0.0362,0.8277,0.01,1.3277,0.3903,14.47939256,98.9502245
3M53146,Control,Biomass,Control,0.1191,0.625,1.2152,0.5033,1.8785,0.5225,0.0345,0.0188,0.3802,0.01,1.5359,0.1583,15.39263795,158.5923221
3M53155,Control,Biomass,Control,0.0718,0.4865,0.7099,0.2602,0.2308,0.1342,0.053,0.0173,0.276,0.0046,0.0813,0.10780000000000001,3.887778562,22.68924924
3M53156,Control,Biomass,Control,0.1174,0.1751,0.1417,0.3417,0.8169,0.2579,0.0323,0.0374,0.3417,0.023,0.484,0.1523,8.347494542,82.59851791
3M53159,Control,Biomass,Control,0.1039,0.2635,0.5291,0.3063,0.9895,0.2378,0.03,0.0148,0.271,0.0046,1.1579,0.2564,11.67454515,84.58973218
3M53173,Intervention,Biomass,Baseline,0.2442,1.2156,2.7873,0.5397,3.0546,1.4504,0.1083,0.1474,1.1053,0.023,3.7585,0.3172,17.40303396,172.8200335
3M53177,Intervention,LPG,Intervention,0.0351,0.1346,0.4434,0.1611,0.1214,0.1677,0.0276,0.0228,0.2013,0.0031,0.0555,0.1204,3.682373309,23.85394558
3M53178,Intervention,Biomass,Baseline,0.0404,0.0562,0.2208,0.1834,0.3664,0.1803,0.0111,0.0121,0.1854,0.0031,0.0475,0.0939,2.614959893,21.06083422
3M53179,Control,Biomass,Control,0.2102,0.656,2.2078,0.3709,2.0374,0.6639,0.0805,0.0228,0.5318,0.0155,1.8884,0.2818,20.9052151,181.4790068
3M53187,Intervention,LPG,Intervention,0.0499,0.7501,1.482,0.1554,0.2106,0.0955,0.0415,0.0068,0.4423,0.0031,0.0298,0.0897,2.00199456,11.73212309
3M53189,Intervention,LPG,Intervention,0.0886,0.6038,1.5976,0.2862,0.3138,0.183,0.0484,0.008,0.3748,0.0064,0.0393,0.193,2.557331195,16.01965077
3M53190,Control,Biomass,Control,0.1598,0.8074,1.1599,0.2767,0.4741,0.2829,0.0254,0.0201,0.3117,0.0046,0.0798,0.1373,2.682704968,25.20752697
3M53194,Control,Biomass,Control,0.1134,0.5966,0.7911,0.2562,1.2331,0.2075,0.0276,0.0108,0.2111,0.0031,1.2747,0.1786,13.39747784,112.4276886
3M53196,Intervention,LPG,Intervention,0.0787,0.8153,1.1219,0.2743,0.4043,0.3886,0.0391,0.0173,0.3674,0.0267,0.2153,0.0935,2.293588753,24.18234371
3M53199,Intervention,LPG,Intervention,0.1404,1.0392,2.4669,0.2708,0.2884,0.3987,0.1335,0.0804,0.8423,0.01,0.2018,0.3064,3.682373309,23.85394558
3M53203,Intervention,LPG,Intervention,0.1048,0.6478,1.3295,0.3107,0.379,0.4102,0.0415,0.0161,0.3169,0.0119,0.1666,0.1359,6.12517992,31.84302724
3M53208,Control,Biomass,Control,0.1978,0.6743,1.8119,0.3919,1.6977,0.5789,0.069,0.0281,0.4953,0.0031,1.9212,0.2272,13.59372155,103.3600941
3M53209,Control,Biomass,Control,0.0825,0.3043,1.2724,0.2239,0.2862,0.5382,0.0621,0.0763,0.561,0.0413,0.1381,0.1373,2.632688434,18.84766181
3M53210,Intervention,LPG,Intervention,0.1081,0.1925,0.6467,0.3055,0.5119,0.1731,0.0415,0.0038,0.2531,0.0175,0.042,0.2133,5.266034481,22.56294592
3M53213,Intervention,LPG,Intervention,0.1059,0.4348,0.9382,0.2155,0.3821,0.3002,0.0506,0.0241,0.3711,0.0031,0.0745,0.1625,2.575930641,10.58108766
3M53217,Control,Biomass,Control,0.1379,0.5844,0.5382,0.3598,1.1016,0.2104,0.03,0.008,0.2959,0.0031,0.6684,0.1684,18.05722525,74.94724244
3M53224,Control,Biomass,Control,0.3159,1.2035,2.9252,0.3096,1.2305,0.7563,0.0714,0.0374,0.5245,0.0031,1.4464,0.3401,9.239886255,91.16885577
3M53226,Control,Biomass,Control,0.1187,0.4675,0.1686,0.2453,0.2082,0.122,0.0206,0.0038,0.1096,0.0031,0.0488,0.2016,5.948405638,11.1833
3M53231,Intervention,LPG,Intervention,0.0889,0.4513,0.2608,0.2411,0.3961,0.134,0.0161,0.0038,0.1892,0.0155,0.1408,0.2022,6.395070677,37.00539257
3M53234,Intervention,LPG,Intervention,0.0846,0.9961,0.8036,0.2745,0.6664,0.0951,0.053,0.0133,0.4241,0.0031,0.069,0.1021,4.272256986,17.99439654
3M53237,Intervention,LPG,Intervention,0.1227,0.7709,0.5196,0.2714,1.0021,0.1642,0.023,0.0201,0.2093,0.0031,0.7725,0.1898,11.99074699,70.63075253
3M53247,Intervention,LPG,Intervention,0.149,0.9301,1.0702,0.2654,0.3304,0.1803,0.0599,0.0254,0.3748,0.0064,0.2546,0.1848,3.558997325,25.25863342
3M53250,Intervention,Biomass,Baseline,0.1114,0.6536,0.5232,0.2964,0.5046,0.4063,0.0438,0.0093,0.1912,0.0119,0.5716,0.1359,12.79854199,75.97270691
3M53252,Control,Biomass,Control,0.1032,1.1816,1.2769,0.3191,1.32,0.2394,0.0603,0.008,0.4515,0.0429,1.9468,0.0871,15.20696851,131.6735846
3M53253,Control,Biomass,Control,0.0599,0.4478,0.0088,0.385,0.6109,0.1704,0.0111,0.0068,0.1017,0.0082,0.2922,0.0517,9.991338964,71.10638088
3M53256,Intervention,LPG,Intervention,0.1388,0.8627,0.9371,0.3072,0.2597,0.297,0.0575,0.0201,0.3163,0.0031,0.2601,0.1892,2.646143401,27.23198155
3M53261,Control,Biomass,Control,0.0997,0.5009,0.2608,0.5203,4.8973,0.2564,0.0161,0.0389,0.1156,0.0031,12.3639,0.0517,6.086405097,416.77552
3M53270,Control,Biomass,Control,0.219,0.8494,0.7796,0.4381,2.9505,0.3004,0.0457,0.0294,0.3163,0.0119,4.7447,0.1781,14.25604532,57.98415593
3M53276,Intervention,LPG,Intervention,0.1781,0.8574,0.9427,0.2073,0.1529,0.1635,0.0391,0.0173,0.2601,0.0031,0.1273,0.1881,2.536553319,14.75453002
3M53277,Intervention,LPG,Intervention,0.1023,0.6423,0.4073,0.2475,0.8434,0.1488,0.0111,0.0038,0.1782,0.0082,0.5095,0.1571,5.778472921,33.82095549
3M53278,Control,Biomass,Control,0.1401,1.1493,0.9203,0.2051,0.4796,0.3799,0.076,0.0038,0.4387,0.0301,0.4986,0.1315,6.223138709,36.35183889
3M53279,Control,Biomass,Control,0.1121,0.7858,0.6881,0.5055,1.842,0.248,0.0668,0.0362,0.3236,0.0265,3.1102,0.1171,12.95521573,277.4945233
3M53281,Intervention,LPG,Intervention,0.1673,1.0313,1.0034,0.2971,0.4564,0.1684,0.0584,0.0241,0.3583,0.0137,0.4639,0.1952,3.842016719,18.86594166
3M53289,Control,Biomass,Control,0.2593,1.0256,1.1785,0.4557,2.704,0.4275,0.0621,0.0214,0.4752,0.0265,3.4681,0.181,14.03580758,147.7652706
3M53290,Intervention,LPG,Intervention,0.099,0.4476,1.2143,0.2584,0.2849,0.3191,0.0506,0.0309,0.4533,0.0031,0.2849,0.0973,2.646143401,27.23198155
3M53292,Control,Biomass,Control,0.1974,1.0459,1.3538,0.6058,3.3267,0.3554,0.0345,0.0535,0.5391,0.0031,4.4433,0.1565,12.24162767,229.9606901
3M53293,Control,Biomass,Control,0.215,1.1255,1.6035,0.6768,3.9806,0.5031,0.0714,0.0603,0.6633,0.0031,5.141,0.1799,12.24162767,229.9606901
3M53294,Intervention,LPG,Intervention,0.1645,1.0919,1.0483,0.2906,0.2462,0.1872,0.0369,0.0188,0.4204,0.0321,0.172,0.1635,2.685701457,20.26608576
3M53300,Control,Biomass,Control,0.1202,0.7046,0.5901,0.3956,1.999,0.179,0.0206,0.0161,0.3401,0.0575,2.7285,0.2181,14.103186000000001,135.7527227
3M53302,Intervention,LPG,Intervention,0.0637,0.488,0.0506,0.1426,0.2385,0.0836,0.0438,0.0038,0.0559,0.063,0.0825,0.0517,2.619369606,10.75952084
3M53312,Control,Biomass,Control,0.1737,0.8147,0.8804,0.265,0.5331,0.3291,0.0575,0.0228,0.4149,0.0031,0.4109,0.2067,7.366462647,30.01606241
3M53316,Control,Biomass,Control,0.0873,0.5669,0.6374,0.4126,0.8962,0.3284,0.046,0.0268,0.3138,0.0155,2.3431,0.1006,4.346811879,435.5863161
3M53317,Control,Biomass,Control,0.0763,0.4761,0.1342,0.1202,0.5983,0.1163,0.03,0.008,0.1355,0.0119,1.0172,0.0517,9.229028268,124.5968643
3M53320,Control,Biomass,Control,0.1998,0.8216,1.3149,0.391,1.5242,0.6688,0.0506,0.0321,0.2652,0.0031,3.3695,0.0926,11.59708586,300.2218934
3M53321,Control,Biomass,Control,0.1006,0.4849,0.1717,0.3043,3.3523,0.1611,0.0111,0.0173,0.1326,0.0031,7.517,0.0517,14.35413217,135.1737424
3M53322,Intervention,LPG,Intervention,0.0873,0.8428,0.6553,0.1498,0.7305,0.1996,0.0345,0.0038,0.2381,0.0119,0.8766,0.1408,8.604697128,47.7401338
3M53325,Control,Biomass,Control,0.1045,0.7778,0.6385,0.223,1.0357,0.2465,0.0276,0.008,0.2469,0.0173,1.4227,0.1015,12.57563053,132.3970426
3M53333,Control,Biomass,Control,0.1496,0.8622,1.3178,0.2644,1.3286,0.3114,0.0548,0.0068,0.2579,0.0031,2.018,0.0866,11.49195838,125.0343648
3M53338,Intervention,Biomass,Baseline,0.1656,1.2797,1.7043,0.7064,4.3184,0.5932,0.0968,0.0495,0.7455,0.0031,6.6276,0.111,16.15176037,429.1321657
3M53340,Control,Biomass,Control,0.0877,0.7358,1.0567,0.3265,1.215,0.4242,0.0553,0.0201,0.3127,0.0338,2.1331,0.0517,17.23776472,312.5201642
3M53341,Control,Biomass,Control,0.0891,0.4526,0.2798,0.1572,0.2845,0.1576,0.0111,0.0038,0.1026,0.0031,0.084,0.0517,3.651754288,10.51136055
3M53342,Intervention,LPG,Intervention,0.0499,0.4166,0.0727,0.0716,0.1456,0.063,0.0111,0.0038,0.0778,0.021,0.0325,0.0517,1.325949704,16.37268789
3M53343,Intervention,LPG,Intervention,0.0586,0.4836,0.0785,0.112,0.7055,0.2343,0.0111,0.0038,0.1266,0.01,0.7743,0.0517,2.588810294,10.63399309
3M53346,Control,Biomass,Control,0.0482,0.3189,0.0088,0.0897,0.2745,0.0566,0.0111,0.0201,0.0279,0.0137,0.2502,0.0517,53.48116984,129.2509924
3M53347,Control,Biomass,Control,0.1098,0.5313,0.3631,0.1213,0.6182,0.2316,0.0254,0.0173,0.1474,0.0046,0.7707,0.0517,9.815306174,71.24325819
3M53349,Intervention,LPG,Intervention,0.0524,0.5019,0.0373,0.1361,0.1074,0.0416,0.0111,0.0148,0.0977,0.0031,0.0108,0.0517,2.595343824,18.58030827
3M53350,Intervention,LPG,Intervention,0.0542,0.3559,0.0088,0.1496,0.1083,0.1045,0.0323,0.0038,0.0588,0.0031,0.019,0.0517,2.668876592,10.96287948
3M53351,Control,Biomass,Control,0.0703,0.5276,0.3695,0.1477,0.183,0.1156,0.0111,0.0161,0.0847,0.0031,0.0312,0.0736,2.646143401,10.8694989
3M53354,Control,Biomass,Control,0.0603,0.4158,0.0689,0.3293,1.5553,0.1817,0.0111,0.0068,0.0816,0.0466,2.0454,0.0517,19.94609308,109.4953819
3M53355,Intervention,LPG,Intervention,0.1514,1.4523,1.6891,0.1034,0.4001,0.4471,0.095,0.0871,1.0066,0.0137,0.5004,0.1331,2.666671055,31.3275514
3M53358,Control,Biomass,Control,0.0891,0.4442,0.0385,0.1129,0.6891,0.3799,0.023,0.0161,0.0917,0.0031,0.6976,0.0517,13.59360362,89.29156068
3M53368,Control,Biomass,Control,0.0793,0.3698,0.3598,0.1322,0.2385,0.2223,0.0111,0.0093,0.25,0.0031,0.1435,0.0838,2.60618486,23.32240031
3M53378,Control,Biomass,Control,0.1225,0.3351,0.0088,0.1644,0.5868,0.9809,0.0111,0.0148,0.0637,0.0031,1.2656,0.0517,12.37823649,59.57207394
3M53385,Control,Biomass,Baseline,0.2407,0.8087,0.9743,0.2427,0.784,0.5727,0.0369,0.0201,0.3178,0.0031,0.9844,0.1691,12.10844671,80.81482898
3M53392,Control,Biomass,Baseline,0.2274,0.6138,1.5432,0.2968,0.8976,0.4292,0.0415,0.0148,0.4898,0.0031,1.0812,0.2847,8.541388686,64.56995626
3M53393,Control,Biomass,Baseline,0.1755,0.8288,1.6542,0.3543,1.3012,0.4973,0.0875,0.0241,0.6688,0.0175,2.113,0.2274,13.25368982,114.0706097
3M53395,Control,Biomass,Control,0.2197,0.7904,1.6435,0.3771,1.2651,0.4242,0.0553,0.0254,0.6085,0.0031,1.3588,0.1799,10.01018052,93.5961064
3M53398,Control,Biomass,Control,0.0648,0.0433,0.0511,0.318,1.568,0.4538,0.0111,0.0038,0.0657,0.01,2.3212,0.1492,14.86528741,68.43063885
3M53402,Intervention,LPG,Intervention,0.053900000000000003,0.0077,0.1565,0.2469,0.2507,0.1127,0.0111,0.0068,0.0827,0.01,0.0447,0.1593,14.37783366,34.81039438
3M53405,Intervention,LPG,Intervention,0.0546,0.4796,0.646,0.1992,0.2953,0.2834,0.0575,0.0201,0.3875,0.0031,0.1218,0.1439,2.214809456,11.86248001
3M53407,Control,Biomass,Control,0.0617,0.0579,0.0849,0.8273,8.8951,0.1172,0.0111,0.0038,0.0977,0.023,17.2602,0.0517,13.42420832,456.8602945
3M53421,Control,Biomass,Baseline,0.0964,0.7548,0.6242,0.2177,0.5899,0.1631,0.0206,0.0108,0.284,0.0155,0.4748,0.147,7.170049079,32.70623667
3M53422,Intervention,Biomass,Baseline,0.1304,0.6485,0.5033,0.2995,1.163,0.45,0.0369,0.0038,0.3198,0.0082,1.7788,0.0935,15.53289974,221.6587785
3M53431,Control,Biomass,Control,0.2276,0.8344,1.1336,0.3601,0.8695,0.3494,0.0438,0.0108,0.4131,0.0031,1.3423,0.3583,11.99671342,104.1657059
3M53435,Control,Biomass,Control,0.1635,0.5954,0.5156,0.2438,0.217,0.1439,0.0345,0.0038,0.2361,0.0031,0.1693,0.1956,2.373902547,11.96976394
3M53438,Intervention,LPG,Intervention,0.1043,0.3457,0.5913,0.1441,0.1514,0.2588,0.0206,0.0068,0.2391,0.0064,0.2071,0.1609,0.961553445,11.8731611
3M53440,Intervention,LPG,Intervention,0.2601,0.8733,2.4534,0.3673,0.5669,0.397,0.076,0.0038,0.6158,0.0031,0.8492,0.4589,4.746212733,33.00544899
3M53444,Intervention,Biomass,Baseline,0.2557,0.5923,1.9857,0.4292,1.0227,0.385,0.0575,0.0349,0.4789,0.01,1.6035,0.4272,14.48486557,91.05477855
3M53448,Control,Biomass,Control,0.3497,0.6458,1.6272,0.7126,4.4828,1.2168,0.0805,0.0228,0.6012,0.0064,9.9587,0.3647,14.58846415,234.799841
3M53455,Intervention,LPG,Intervention,0.057,0.1817,0.194,0.381,0.4951,0.0857,0.0161,0.0038,0.1684,0.0303,0.8584,0.1344,9.96160821,39.31822961
3M53457,Intervention,LPG,Intervention,0.0946,0.7687,0.614,0.1353,0.0993,0.1689,0.0276,0.0254,0.3417,0.0031,0.0758,0.086,2.619369606,10.75952084
3M53464,Control,Biomass,Control,0.1982,0.8025,1.013,0.5194,1.8201,0.1773,0.0184,0.0068,0.2944,0.0192,2.1769,0.1328,14.25457288,99.02647825
3M53465,Intervention,LPG,Intervention,0.1021,0.5285,0.3278,0.3282,0.1934,0.1043,0.0111,0.0038,0.1384,0.0247,0.0312,0.1174,2.777204893,16.4507759
3M53467,Intervention,LPG,Intervention,0.1348,0.8032,0.6481,0.2999,0.2254,0.1313,0.0184,0.0038,0.2292,0.0031,0.1003,0.1014,2.600051801,10.68016956
3M53472,Intervention,LPG,Intervention,0.0995,0.805,0.7605,0.1682,0.6215,0.1724,0.0345,0.0228,0.2252,0.053900000000000003,0.5881,0.0897,10.14628665,51.08602352
3M53482,Control,Biomass,Control,0.2371,1.1838,1.4935,0.3919,0.557,0.6089,0.0676,0.0281,0.6158,0.0173,0.4511,0.2064,5.494832562,36.02881841
3M53487,Intervention,LPG,Intervention,0.0506,0.4582,0.2069,0.2022,0.1629,0.1147,0.0111,0.008,0.0986,0.0031,0.042,0.0517,3.440522208,11.79127665
3M53492,Intervention,LPG,Intervention,0.1214,0.8857,0.6951,0.1709,0.2272,0.4191,0.0111,0.008,0.3912,0.0265,0.3342,0.1169,4.043726238,22.84841262
3M53502,Intervention,LPG,Intervention,0.1446,1.548,2.3941,0.1627,0.3307,0.3138,0.10780000000000001,0.1045,0.8879,0.0082,0.2234,0.0973,4.267722332,36.02881841
3M53504,Control,Biomass,Control,0.0716,0.4546,0.0435,0.301,1.4,0.154,0.0111,0.0161,0.0758,0.0338,1.2492,0.0517,13.25925246,157.9326037
3M53519,Control,Biomass,Control,0.2745,0.8998,1.0729,0.4568,1.7507,0.8109,0.0599,0.0161,0.3309,0.0155,1.6729,0.1487,14.29751953,114.1057138
3M53521,Control,Biomass,Control,0.1036,0.5296,0.2411,0.4031,0.8474,0.145,0.023,0.0214,0.1465,0.0137,0.4694,0.0844,14.13509895,73.96396362
3M53523,Control,Biomass,Control,0.1339,1.2727,1.2866,0.4348,0.6889,0.2137,0.10780000000000001,0.0121,0.4953,0.0046,0.4675,0.1404,19.69915168,87.22304503
3M53524,Control,Biomass,Control,0.1156,0.7597,0.6649,0.4191,0.7168,0.2182,0.0553,0.0188,0.2699,0.0192,0.2758,0.1202,4.516990744,19.56147019
3M53527,Control,Biomass,Control,0.0676,0.1163,0.2856,0.3477,0.9204,0.2266,0.0369,0.0201,0.263,0.0031,0.8401,0.1081,14.13509895,73.96396362
3M53528,Control,Biomass,Control,0.1801,0.671,0.6107,0.4268,1.3398,0.4628,0.046,0.0254,0.2798,0.0394,1.3387,0.1085,11.49302048,79.59915292
3M53530,Intervention,LPG,Intervention,0.1028,0.6675,0.5148,0.3989,0.4195,0.1079,0.0111,0.0148,0.2281,0.0031,0.153,0.1034,7.297728138,32.70623667
3M53534,Control,Biomass,Baseline,0.1563,0.4675,0.1715,0.2873,1.2663,0.2663,0.0254,0.0038,0.1145,0.0031,1.3807,0.1099,12.91657718,75.54429666
3M53540,Control,Biomass,Control,0.1373,0.629,0.2575,0.2898,1.7781,0.3375,0.0645,0.0148,0.1744,0.0031,2.3066,0.0517,19.58279101,112.6515207
3M53543,Control,Biomass,Control,0.1507,1.766,2.5157,0.3527,1.1118,0.4301,0.0822,0.0402,0.6944,0.0031,1.8153,0.149,12.69059321,139.9190075
3M53552,Intervention,LPG,Intervention,0.0811,0.5819,0.1421,0.162,0.3857,0.1244,0.0111,0.0121,0.1236,0.0265,0.5515,0.0517,3.077270257,15.18745515
3M53573,Control,Biomass,Control,0.1861,1.6983,2.3068,0.2639,0.5294,0.4135,0.1242,0.0683,0.86240000000000006,0.0046,0.5935,0.1702,6.395067116,41.50639995
3M53610,Control,Biomass,Control,0.0647,0.4281,0.0732,0.1224,0.2745,0.0877,0.0184,0.0038,0.0857,0.0064,0.0773,0.0517,2.60618486,23.32240031
3M53611,Intervention,LPG,Intervention,0.0749,0.5866,1.1737,0.1081,0.3001,0.0835,0.0111,0.0161,0.1693,0.0031,0.1761,0.0913,2.650659004,17.79029512
3M53616,Intervention,LPG,Intervention,0.0493,0.4153,0.0201,0.0997,0.3771,0.1123,0.0254,0.0038,0.0707,0.0064,0.2849,0.0517,7.198069706,43.22027031
3M53619,Intervention,LPG,Intervention,0.0674,0.4894,0.4308,0.1034,0.1952,0.177,0.0111,0.0068,0.0657,0.0119,0.1083,0.0924,2.655190045,16.63265882
3M53624,Control,Biomass,Control,0.1255,0.6796,0.4684,0.2213,0.5786,0.5011,0.0345,0.0188,0.233,0.0247,0.6666,0.10780000000000001,8.750107769,47.2422229
3M53628,Control,Biomass,Control,0.1631,0.5786,0.2056,0.1691,0.7592,0.5391,0.0345,0.0108,0.2002,0.0031,0.9716,0.0517,15.39420619,71.95449223
3M53629,Control,Biomass,Control,0.1037,0.4067,0.2305,0.3872,3.2336,0.391,0.03,0.0108,0.0836,0.0031,7.1645,0.0517,9.028981099,256.1802497
3M53632,Control,Biomass,Control,0.2732,0.9414,0.9173,0.3457,2.2858,0.6118,0.0438,0.051,0.5026,0.01,3.5046,0.1211,12.21833372,154.967895
3M53638,Intervention,LPG,Intervention,0.0427,0.416,0.0088,0.0741,0.1704,0.0234,0.0111,0.0038,0.025,0.0031,0.0785,0.0517,2.593132181,10.651746
3M53639,Intervention,LPG,Intervention,0.1499,0.8218,0.5563,0.122,0.4551,0.73,0.0184,0.0038,0.267,0.0119,0.5059,0.0888,25.50863047,72.66520542
3M53650,Control,Biomass,Control,0.2498,2.1567,4.2275,0.1972,1.1646,0.6346,0.0785,0.0374,0.7619,0.0155,1.3259,0.3366,16.08719883,95.16539559
3M53653,Intervention,LPG,Intervention,0.0561,0.4065,0.0088,0.1335,0.6953,0.0411,0.0111,0.0068,0.0877,0.0031,0.6629,0.0517,9.404356921,49.8065549
3M53659,Control,Biomass,Control,0.0477,0.309,0.0588,0.2988,1.5023,0.1656,0.0111,0.0241,0.3547,0.0031,2.0454,0.0517,16.22127701,277.5404443
3M53660,Control,Biomass,Control,0.097,0.3959,0.0555,0.221,0.9566,0.3497,0.0111,0.0281,0.0857,0.021,0.9825,0.0517,14.42173471,80.27134109
3M53661,Intervention,LPG,Intervention,0.0542,0.6348,0.248,0.1012,0.1916,0.0519,0.0111,0.0038,0.1295,0.0046,0.2721,0.0517,0.945600716,11.67617848
3M53662,Intervention,LPG,Intervention,0.1182,1.0344,1.3732,0.2436,0.4195,0.2601,0.0369,0.0214,0.3601,0.0031,0.3287,0.1551,6.093692129,35.61195604
3M53664,Intervention,LPG,Intervention,0.0948,1.1044,0.99,0.2155,0.2812,0.3618,0.0438,0.0108,0.4277,0.0137,0.1625,0.1293,2.678032999,25.48360941
3M53674,Control,Biomass,Control,0.1014,0.4761,0.1103,0.2789,1.6064,0.1474,0.0111,0.0038,0.0847,0.0137,2.0217,0.1121,12.8138058,83.54013707
3M53675,Intervention,LPG,Intervention,0.0667,0.5083,0.063,0.1812,0.3857,0.0886,0.0111,0.008,0.1127,0.0046,0.1503,0.0732,4.210227534,39.25291693
3M53676,Intervention,LPG,Intervention,0.0674,0.4763,0.093,0.2409,1.0395,0.027,0.0111,0.0038,0.1107,0.0192,1.2492,0.1021,4.809260168,37.66050651
3M53686,Intervention,LPG,Intervention,0.0625,0.4982,0.0088,0.4221,0.3439,0.0681,0.0111,0.0038,0.0508,0.01,0.1123,0.0517,2.597468522,20.91995907
3M53697,Intervention,LPG,Intervention,0.0619,0.4936,0.1326,0.3693,0.3019,0.2266,0.0369,0.0108,0.1315,0.0137,0.1733,0.0517,17.33336897,63.93595669
3M53698,Control,Biomass,Control,0.1213,0.7822,0.654,0.5287,1.4128,0.3952,0.0575,0.0294,0.3437,0.0031,1.819,0.0517,20.43732122,210.9610234
3M53699,Intervention,LPG,Intervention,0.0577,0.4144,0.0146,0.4904,0.1697,0.1037,0.0111,0.0038,0.0469,0.0031,0.0135,0.0517,2.828821533,22.46393947
3M53702,Control,Biomass,Control,0.0935,0.5356,0.2436,0.4988,0.6611,0.5961,0.03,0.0214,0.1185,0.0265,0.3853,0.0809,12.14157194,73.64318191
3M53703,Intervention,LPG,Intervention,0.0805,0.698,0.328,0.4604,0.5782,0.1571,0.0391,0.0254,0.2042,0.0502,0.3013,0.0517,8.412885493,46.58939729
3M53714,Control,Biomass,Control,0.1843,0.6699,0.5103,0.4975,1.1111,0.5335,0.0161,0.0161,0.1823,0.0031,1.5231,0.0517,18.26738384,207.0257888
3M53716,Control,Biomass,Control,0.1019,0.0836,0.2889,0.4812,1.051,0.469,0.03,0.0161,0.1494,0.0031,1.4428,0.0517,18.26738384,207.0257888
3M53722,Control,Biomass,Control,0.0962,0.4038,0.1253,0.4805,1.6027,0.3806,0.0111,0.0254,0.0758,0.0194,1.7094,0.0517,10.37948444,247.5201717
3M53728,Control,Biomass,Control,0.0342,0.3194,0.0088,0.3417,0.4975,0.0256,0.0111,0.0038,0.0469,0.0031,0.1286,0.0517,4.643352031,38.7639939
3M53742,Intervention,LPG,Intervention,0.0891,0.7049,0.6849,0.2307,0.1737,0.2513,0.0599,0.0522,0.2659,0.0031,0.084,0.0517,2.655190045,23.76094117
3M53757,Control,Biomass,Control,0.052,0.3945,0.0088,0.3959,2.2328,0.0615,0.0111,0.008,0.0758,0.0031,3.1394,0.0517,19.28023835,103.7846814
3M53765,Intervention,LPG,Intervention,0.0526,0.4053,0.0088,0.1456,0.4642,0.1085,0.0391,0.0038,0.0798,0.0031,0.3853,0.0517,2.623794217,10.7776957
3M53775,Intervention,LPG,Intervention,0.0416,0.5196,0.1275,0.1689,0.1317,0.0422,0.0345,0.008,0.0897,0.0031,0.0813,0.0517,2.659736603,17.85122079
3M53779,Intervention,LPG,Intervention,0.0705,0.49,0.2391,0.1965,0.1952,0.1006,0.0111,0.0038,0.0847,0.0031,0.0853,0.0738,28.16715618,60.33454344
3M53790,Control,Biomass,Control,0.1585,0.934,1.2284,0.3154,1.1732,0.43120000000000003,0.0111,0.0108,0.3163,0.0667,2.6828,0.147,22.82745391,186.1206604
3M53795,Intervention,LPG,Intervention,0.0464,0.4701,0.1541,0.1642,0.1154,0.1766,0.0599,0.0148,0.1196,0.0031,0.0365,0.0517,2.608805049,17.53415016
3M53796,Intervention,LPG,Intervention,0.015,0.1912,0.4255,0.1762,0.135,0.2429,0.0415,0.0108,0.2411,0.0046,0.046,0.0517,2.608805049,17.53415016
3M53797,Control,Biomass,Control,0.0575,0.4611,0.4347,0.3459,1.1803,0.1271,0.0184,0.0068,0.0977,0.0031,1.1615,0.0517,11.69771325,132.9881296
3M53798,Intervention,LPG,Intervention,0.0458,0.4323,0.0258,0.1381,0.1037,0.053,0.0206,0.008,0.0847,0.01,0.038,0.0517,2.563178509,10.52870603
3M53800,Control,Biomass,Control,0.1739,0.69,0.5139,0.2984,2.4118,0.3231,0.0237,0.0241,0.3419,0.0247,6.9691,0.0517,7.967774303,260.951171
3M53802,Intervention,LPG,Intervention,0.0462,0.5,0.0478,0.1857,0.0696,0.065,0.0111,0.0038,0.0648,0.0031,0.0038,0.0517,0.945388664,11.67356007
3M53807,Intervention,LPG,Intervention,0.082,0.5857,0.3607,0.5488,1.0024,0.2047,0.0484,0.0068,0.1205,0.0031,1.1761,0.0517,15.42068876,163.739062
3M53808,Control,Biomass,Baseline,0.0765,0.3267,0.0088,0.2728,0.98,0.1591,0.0111,0.0038,0.034,0.0031,1.0501,0.0517,10.9771501,84.45310614
3M53810,Control,Biomass,Control,0.082,0.4474,0.1231,0.3665,0.7866,0.2613,0.0111,0.0093,0.0689,0.0031,1.4135,0.0517,8.964233575,174.049913
3M53811,Control,Biomass,Control,0.065,0.4681,0.1056,0.1994,1.2705,0.2124,0.0668,0.0108,0.1026,0.0173,2.4107,0.0517,11.13314849,195.3742308
3M53813,Control,Biomass,Control,0.0447,0.3234,0.0088,0.2904,0.3894,0.0488,0.0111,0.0038,0.0519,0.0031,0.1435,0.0517,7.901054459,51.17349959
3M53816,Intervention,LPG,Intervention,0.4416,0.6819,0.6255,0.343,0.4557,0.5565,0.0206,0.0038,0.2082,0.0031,0.6374,0.0811,10.48060393,58.97734441
3M53817,Control,Biomass,Control,0.0776,0.4107,0.3117,0.2447,0.2498,0.162,0.0345,0.0038,0.0608,0.0192,0.0325,0.0517,2.659736603,16.6611394
3M53819,Intervention,LPG,Intervention,0.1056,1.1639,1.762,0.1914,0.2668,0.2964,0.023,0.0495,0.5702,0.0031,0.1435,0.0937,2.717850224,20.35669582
3M53821,Control,Biomass,Baseline,0.0882,0.5004,0.1938,0.3779,0.3875,0.1443,0.0323,0.0038,0.1465,0.0173,0.2221,0.0517,7.666690341,43.43797058
3M53829,Control,Biomass,Control,0.0727,0.8045,0.4347,0.3393,0.5024,0.0902,0.053,0.0038,0.3035,0.0228,0.1395,0.0517,5.537266309,36.82945881
3M53831,Control,Biomass,Control,0.3284,1.0112,1.1661,0.57,1.8858,0.8609,0.0457,0.0455,0.362,0.0031,2.9385,0.0517,7.993576871,213.1356423
3M53845,Control,Biomass,Control,0.0579,0.3954,0.0373,0.2447,0.6688,0.0866,0.03,0.0201,0.0707,0.0031,0.3543,0.0517,7.948532652,51.35856698
3M53849,Control,Biomass,Control,0.0891,0.357,0.166,0.3298,1.9223,0.1855,0.0161,0.0038,0.1176,0.0046,2.0345,0.0517,16.24794443,92.55619718
3M53854,Control,Biomass,Control,0.1519,0.5888,0.3662,0.2133,0.5862,0.349,0.0369,0.0121,0.1346,0.0119,0.767,0.1439,9.242475488,55.36500657
3M53855,Control,Biomass,Control,0.2016,0.5952,0.4761,0.4511,3.5623,0.5311,0.0206,0.0281,0.2962,0.0283,4.7849,0.0517,9.54055968,127.6242599
3M53856,Intervention,LPG,Intervention,0.0586,0.5287,0.1715,0.1403,0.0915,0.0422,0.0111,0.0121,0.1196,0.0374,0.0338,0.0517,2.597468522,10.66955829
3M53861,Intervention,LPG,Intervention,0.0701,0.5143,0.1015,0.1916,0.5178,0.1308,0.0276,0.0038,0.1295,0.0285,0.3488,0.0517,9.424736705,53.09256797
3M53866,Intervention,Biomass,Baseline,0.1171,0.7491,0.7619,0.2416,1.4767,0.166,0.0391,0.0148,0.3748,0.0031,2.8581,0.116,13.29998219,81.64202221
3M53869,Intervention,LPG,Intervention,0.1238,0.6704,0.4997,0.2224,0.3578,0.2055,0.023,0.0241,0.2272,0.0064,0.2031,0.1609,4.578596951,26.95644717
3M53872,Control,Biomass,Control,0.1293,1.2959,1.8024,0.3052,1.056,0.2986,0.10780000000000001,0.0268,0.6377,0.0031,1.9304,0.1381,10.59115788,163.3412171
3M53877,Intervention,Biomass,Baseline,0.4653,0.3355,0.0088,0.1813,1.4347,0.8755,0.0111,0.0038,0.0877,0.0031,1.9742,0.0517,14.98026998,128.3090823
3M53881,Intervention,LPG,Intervention,0.0495,0.4672,0.0088,0.0528,0.2674,0.0699,0.0111,0.008,0.0787,0.0031,0.1543,0.0517,3.687078522,10.70536217
3M53882,Intervention,LPG,Intervention,0.0588,0.4796,0.187,0.053,0.2844,0.2066,0.0111,0.0038,0.1315,0.0247,0.2234,0.0517,3.515514343,18.74194584
3M53883,Control,Biomass,Control,0.0758,0.4564,0.1918,0.0583,0.2376,0.1087,0.0111,0.0038,0.1116,0.0137,0.1381,0.0517,1.725181533,11.89133936
3M53884,Control,Biomass,Control,0.0831,0.3682,0.0758,0.3839,1.8694,0.2115,0.0206,0.0241,0.0957,0.0173,2.6938,0.0517,11.86354072,261.8840353
3M53891,Control,Biomass,Control,0.0941,0.4,0.1645,0.1766,1.1864,0.3043,0.0345,0.0133,0.1603,0.0303,1.9085,0.0517,10.23047385,102.0996955
3M53895,Control,Biomass,Control,0.0993,0.4558,0.3691,0.3366,2.0867,0.3775,0.0323,0.008,0.0329,0.0393,1.6838,0.0517,14.45819731,148.4620219
3M53905,Control,Biomass,Control,0.0842,0.561,0.278,0.4292,0.7101,0.1744,0.0161,0.0294,0.1364,0.0064,1.1542,0.0517,9.654658601,155.9507524
3M53907,Intervention,LPG,Intervention,0.042,0.3934,0.0088,0.0221,0.0309,0.0239,0.0111,0.0038,0.0179,0.0031,0.0038,0.0517,2.682704968,11.01968196
3M53909,Intervention,LPG,Intervention,0.0362,0.3696,0.0088,0.0931,0.0723,0.0219,0.0111,0.0161,0.019,0.0031,0.0055,0.0517,2.623794217,10.7776957
3M53913,Control,Biomass,Control,0.1379,0.5656,0.4005,0.4869,0.8331,0.4093,0.023,0.0188,0.1485,0.0356,1.0209,0.0517,11.17869768,128.0896967
3M53921,Control,Biomass,Control,0.0636,0.6308,0.4146,0.1505,0.4127,0.2223,0.0111,0.0093,0.2013,0.0082,0.2849,0.0517,6.824171674,113.8897282
3M53926,Intervention,LPG,Intervention,0.0586,0.4462,0.071,0.2398,0.4069,0.0714,0.0161,0.0228,0.1087,0.0212,0.1083,0.0791,4.70317754,40.45526024
3M53927,Intervention,LPG,Intervention,0.061,0.4699,0.2075,0.3534,0.1899,0.0888,0.0323,0.0228,0.0897,0.0031,0.0528,0.0517,2.628233801,15.28781367
3M53928,Control,Biomass,Control,0.0889,0.3998,0.3689,0.4794,2.4264,0.2321,0.046,0.0038,0.0778,0.0356,2.7065,0.0517,22.83061551,197.494059
3M53929,Intervention,LPG,Intervention,0.0793,0.4873,0.2498,0.1454,0.3019,0.174,0.0254,0.0038,0.0698,0.0031,0.0705,0.0517,2.563178509,14.90940244
3M53931,Intervention,LPG,Intervention,0.0468,0.3647,0.0088,0.0984,0.1138,0.0771,0.0184,0.0188,0.0597,0.0031,0.0175,0.0517,0.948674777,11.71413666
3M53936,Control,Biomass,Control,0.1485,0.755,1.3575,0.6317,3.8673,0.4812,0.0323,0.0173,0.2131,0.0265,5.5446,0.0517,15.43089626,331.8265669
3M53938,Intervention,LPG,Intervention,0.0652,0.542,0.3603,0.3046,0.2902,0.1172,0.0391,0.0093,0.1067,0.0155,0.0595,0.0517,5.447856046,41.456589459999996
3M53940,Intervention,LPG,Intervention,0.0935,0.5572,0.5557,0.2285,0.2093,0.1631,0.0276,0.0133,0.0997,0.0247,0.0488,0.1085,2.379704575,19.3459213
3M53941,Intervention,LPG,Intervention,0.0785,0.7422,0.5941,0.149,0.2051,0.4264,0.0276,0.0188,0.2549,0.0031,0.149,0.0517,2.066144752,23.16598341
3M53951,Intervention,LPG,Intervention,0.0475,0.4746,0.0166,0.1092,0.1543,0.1784,0.0111,0.0038,0.0668,0.0031,0.0595,0.0517,2.891858038,35.70835978
3M53957,Control,Biomass,Control,0.0468,0.3565,0.0088,0.1839,0.8611,0.1165,0.046,0.0068,0.0478,0.0031,1.2747,0.0517,28.66083726,244.3081202
3M53958,Intervention,LPG,Intervention,0.053,0.5263,0.385,0.1264,0.1357,0.1006,0.0111,0.0038,0.1056,0.0247,0.0745,0.0517,1.719333379,11.77119293
3M53965,Control,Biomass,Control,0.0577,0.4487,0.069,0.1912,1.302,0.1101,0.0111,0.0038,0.1036,0.0031,1.1633,0.0517,8.17636072,72.98891397
3M53967,Control,Biomass,Control,0.0241,0.0077,0.0088,0.1815,0.5835,0.135,0.0111,0.0068,0.0966,0.0082,0.1963,0.0517,8.17636072,72.98891397
3M53978,Control,Biomass,Control,0.1724,1.2837,2.332,0.2345,0.9944,0.542,0.0575,0.0281,0.4295,0.0031,1.4263,0.1609,14.10023162,152.088271
3M53981,Intervention,LPG,Intervention,0.0835,0.6461,0.5556,0.1614,0.1543,0.1481,0.0111,0.0201,0.2013,0.0031,0.069,0.0517,1.83270221,11.8557644
3M53983,Intervention,LPG,Intervention,0.0541,0.3826,0.0088,0.1841,0.3835,0.0659,0.0184,0.0038,0.0309,0.0031,0.1693,0.0517,4.833324053,28.81457418
3M53991,Intervention,LPG,Intervention,0.0665,0.5004,0.1147,0.1992,0.5601,0.0944,0.0276,0.0038,0.1246,0.032,0.336,0.0517,5.735673274,24.36587331
3M53993,Intervention,LPG,Intervention,0.042,0.3713,0.1373,0.1879,0.2151,0.0537,0.0111,0.0038,0.034,0.0192,0.0555,0.0517,4.307784779,12.66704151
3M53997,Control,Biomass,Control,0.0566,0.3267,0.0088,0.2818,1.0196,0.0972,0.0111,0.0038,0.0798,0.0031,2.1349,0.0517,12.23388214,123.0089891
3M54012,Control,Biomass,Baseline,0.0464,0.376,0.1503,0.1446,0.8043,0.1616,0.0254,0.0038,0.1107,0.0031,0.9771,0.0517,10.893015,105.9391711
3M54018,Control,Biomass,Control,0.0367,0.2818,0.0088,0.1191,0.5048,0.0469,0.0111,0.0038,0.025,0.021,0.5881,0.0517,8.452360096,61.93780311
3M54019,Intervention,LPG,Intervention,0.0506,0.2495,0.0088,0.2878,0.5616,0.0816,0.0111,0.0188,0.0389,0.0064,0.3963,0.0517,10.18734176,60.84921644
3M54026,Control,Biomass,Control,0.1141,0.6337,0.456,0.3174,1.442,0.7418,0.0694,0.0108,0.2511,0.0031,2.2189,0.0517,14.24622397,198.81501600000001
3M54029,Control,Biomass,Control,0.099,0.4208,0.2597,0.5901,6.121,0.2875,0.0276,0.0374,0.1505,0.0031,16.4749,0.0517,11.23938461,545.3087158
3M54030,Control,Biomass,Control,0.0842,0.4208,0.0088,0.2593,1.568,0.1739,0.0111,0.008,0.1067,0.0484,2.3486,0.0517,17.45501259,123.4836744
3M54043,Control,Biomass,Control,0.0665,0.4337,0.0088,0.1627,0.3758,0.1227,0.0161,0.0038,0.0349,0.0031,0.2575,0.0517,9.393591041,51.81808299
3M54049,Intervention,LPG,Intervention,0.0575,0.4913,0.0088,0.1806,0.3209,0.0362,0.0323,0.0038,0.1036,0.0031,0.1638,0.0517,5.96137891,36.21047631
3M54051,Intervention,LPG,Intervention,0.0721,0.9515,0.85,0.2221,0.6034,0.2429,0.0415,0.0201,0.3145,0.0031,0.4529,0.0517,7.366128563,40.52503762
3M54054,Control,Biomass,Control,0.1267,0.5106,0.5329,0.4756,3.9258,0.4056,0.0323,0.0038,0.1145,0.0192,5.099,0.0517,12.40906404,257.1058259
3M54061,Intervention,LPG,Intervention,0.0699,0.8887,0.7681,0.1417,0.1627,0.1045,0.0323,0.0038,0.2192,0.0484,0.1191,0.1315,2.653079309,22.56407361
3M54090,Control,Biomass,Control,0.2498,0.4878,0.1118,0.4915,3.7377,0.528,0.0276,0.0133,0.1315,0.0046,3.5065,0.0933,11.68195835,277.3009839
3M54098,Intervention,LPG,Intervention,0.0833,0.7154,0.4915,0.1403,0.2296,0.1483,0.023,0.0121,0.2659,0.0155,0.1788,0.1052,2.720291027,21.90916905
3M54107,Control,Biomass,Control,0.0815,0.5024,0.0088,0.0931,0.4602,0.1269,0.0111,0.0038,0.0798,0.0356,0.5917,0.0517,6.492375283,81.21957771
3M54108,Intervention,LPG,Intervention,0.0573,0.3824,0.1025,0.1107,0.2016,0.0973,0.0184,0.0254,0.1056,0.0031,0.1205,0.0517,3.491504164,33.29452782
3M54111,Control,Biomass,Control,0.0625,0.3223,0.0088,0.1213,0.2259,0.0668,0.0111,0.0133,0.0289,0.0031,0.0785,0.0517,2.588810294,15.05849647
3M54114,Intervention,LPG,Intervention,0.0531,0.3494,0.1282,0.1107,0.2115,0.1485,0.0184,0.0038,0.1346,0.0137,0.149,0.0517,3.491504164,33.29452782
3M54121,Control,Biomass,Control,0.0573,0.3881,0.0088,0.5554,2.43,0.029,0.0111,0.0038,0.0568,0.0265,2.2226,0.0517,11.60742963,91.61827407
3M54133,Intervention,LPG,Intervention,0.082,0.452,0.151,0.1235,0.1609,0.1698,0.0111,0.008,0.0449,0.0376,0.1003,0.0517,2.655190045,10.90665958
3M54138,Control,Biomass,Control,0.1246,0.6951,0.9438,0.1474,0.3884,0.2246,0.0369,0.0068,0.1764,0.0031,0.4073,0.1337,2.584502789,18.50269629
3M54162,Control,Biomass,Control,0.1101,0.3852,0.0774,0.532,0.3457,0.3169,0.0111,0.0362,0.0678,0.0031,0.2181,0.0517,2.583801118,23.12209119
3M54165,Control,Biomass,Control,0.0889,0.5388,0.177,0.303,0.2586,0.1691,0.0111,0.0038,0.1474,0.01,0.092,0.0517,2.630983851,16.48102622
3M54166,Control,Biomass,Control,0.0875,0.4725,0.263,0.5618,1.0992,0.3262,0.0345,0.0309,0.235,0.0031,1.8409,0.0517,17.65103679,183.1866248
3M54169,Intervention,LPG,Intervention,0.0418,0.3998,0.0088,0.196,0.0394,0.0374,0.0111,0.0038,0.0055,0.0031,0.008,0.0517,0.964649553,11.91139152
3M54171,Control,Biomass,Control,0.0694,0.4494,0.2831,0.6472,2.4611,0.1677,0.0111,0.0161,0.1165,0.0031,4.5858,0.0517,17.77544385,202.1195366
3M54178,Control,Biomass,Control,0.1003,0.5512,0.2648,0.3926,0.7143,0.28,0.0111,0.0161,0.1733,0.0301,0.5168,0.097,5.859372876,40.27361511
3M54179,Intervention,LPG,Intervention,0.0692,0.5101,0.0433,0.1644,0.2082,0.135,0.0184,0.0068,0.0798,0.0265,0.1463,0.0517,4.885810142,29.59997995
3M54185,Control,Biomass,Control,0.1134,0.6812,0.3826,0.3364,0.4191,0.3302,0.0184,0.0068,0.261,0.0031,0.3013,0.0517,6.601025653,47.45798377
3M54186,Control,Biomass,Control,0.0782,0.5298,0.05,0.3821,0.7358,0.1225,0.023,0.0241,0.1326,0.0046,0.6757,0.0517,10.52857522,64.15454116
3M54196,Control,Biomass,Control,0.0942,0.5736,0.2812,0.4038,0.7024,0.4294,0.0276,0.0214,0.1684,0.0228,0.3251,0.0517,8.136624589,55.60060234
3M54211,Intervention,LPG,Intervention,0.1072,0.8211,0.6613,0.4887,0.5503,0.38,0.0111,0.0268,0.259,0.01,0.2319,0.0886,8.978006545,68.23454488
3M54217,Control,Biomass,Control,0.0858,0.4904,0.1519,0.5218,0.637,0.1624,0.0415,0.0268,0.1614,0.0064,0.2812,0.0517,9.107711374,57.95438583
3M54223,Intervention,LPG,Intervention,0.0771,0.4829,0.2126,0.4779,0.456,0.1782,0.0111,0.0038,0.1782,0.0031,0.1638,0.0835,6.247838561,39.5905062
3M54224,Control,Biomass,Control,0.0561,0.0561,0.0897,0.4593,0.5413,0.1974,0.0254,0.0068,0.1655,0.0082,0.2356,0.0517,9.107711374,57.95438583
3M54234,Control,Biomass,Control,0.1063,0.3598,0.0088,0.3726,0.2588,0.2506,0.0111,0.0173,0.0438,0.0046,0.0678,0.0517,2.674959717,20.34717872
3M54239,Control,Biomass,Control,0.0745,0.4137,0.0568,0.4893,1.1151,0.1675,0.0111,0.0038,0.0946,0.0031,1.2912,0.0517,14.31808529,125.5540903
3M54243,Control,Biomass,Control,0.134,0.4237,0.3026,0.6113,3.0839,0.3333,0.0111,0.0173,0.1087,0.0031,6.8449,0.0517,18.86550468,197.0382171
3M54244,Intervention,LPG,Intervention,0.053900000000000003,0.3822,0.0088,0.3711,0.1726,0.0296,0.023,0.0038,0.0389,0.0265,0.015,0.0517,2.579840166,17.79568774
3M54248,Intervention,LPG,Intervention,0.055,0.5141,0.0962,0.4442,0.3163,0.0979,0.0254,0.0038,0.1355,0.0413,0.0623,0.0517,5.361049851,32.31532925
3M54257,Control,Biomass,Control,0.1593,0.4876,0.4429,0.6421,2.3424,0.7674,0.0506,0.0535,0.3017,0.0031,3.6434,0.0517,15.76778465,248.2799005
3M54263,Intervention,LPG,Intervention,0.0594,0.4027,0.0088,0.1801,0.1958,0.0986,0.0111,0.0108,0.0689,0.0031,0.0528,0.0517,2.692797895,22.89261436
3M54266,Intervention,LPG,Intervention,0.0628,0.4244,0.463,0.2403,0.4253,0.0466,0.0276,0.0173,0.0689,0.032,0.2396,0.0979,4.151767151,25.64542961
3M54270,Control,Biomass,Control,0.1191,1.3356,2.0511,0.3231,1.1467,0.2672,0.0603,0.0093,0.4222,0.0173,2.3961,0.1456,18.00484876,266.3229755
3M54276,Intervention,LPG,Intervention,0.0665,0.7263,0.4436,0.1757,0.2465,0.112,0.0111,0.0188,0.1614,0.0338,0.1368,0.0517,2.630476205,24.15069841
