filter_id,factor_1,factor_2,factor_3,factor_4
3M50038,16.444387,-0.050914,2.911668,7.546528
3M50039,42.04685,2.68182,4.050599,13.609661
3M50040,141.890486,0.656212,2.058896,9.755406
3M50046,129.471746,9.496193,3.107111,-3.4318
3M50080,46.776714,1.785034,2.106043,23.205832
3M50107,60.211089,-0.120435,0.952675,6.151158
3M50113,148.5149,-0.020793,3.491534,6.050263
3M50148,172.278152,7.281431,6.529975,-0.723801
3M50150,10.283846,3.151927,1.652557,4.883966
3M50188,8.447348,0.008954,0.804444,3.412239
3M50190,43.731979,-0.112314,1.562627,7.393298
3M50193,65.663616,0.618464,2.337149,5.840066
3M50212,3.717267,2.585301,1.722144,23.253877
3M50727,152.741286,6.274838,2.524193,-2.723648
3M50733,127.741043,9.34116,-0.060808,14.332226
3M50755,313.338552,-0.098191,0.32707,3.125169
3M50757,53.606207,2.636369,2.039014,9.813918
3M50775,6.427471,0.429728,0.291511,17.972337
3M50783,98.519839,-0.349323,1.261506,15.943456
3M50786,1.861292,0.199983,0.330518,14.128206
3M50794,2.986791,0.112568,2.078713,11.197277
3M50813,25.741353,-0.166457,2.726887,8.354202
3M50821,26.612672,0.51437,3.062359,13.390884
3M50824,172.370383,-0.48744,1.080433,19.115126
3M50825,7.968285,3.963461,0.98637,11.830101
3M50829,299.259639,3.218466,1.714533,5.723556
3M50833,10.304462,-0.137527,0.710971,16.566157
3M50871,271.503292,-0.64196,-0.65618,15.183484
3M50876,232.646577,0.629666,-0.5673,-0.60597
3M50877,25.498295,-0.014828,4.724824,18.933241
3M50888,52.704506,0.371855,3.411152,3.542132
3M50889,11.73731,1.555822,2.756645,6.74486
3M50890,39.469785,0.465389,2.482001,10.970263
3M50924,25.899775,-0.128768,1.764763,12.121118
3M50927,14.522711,5.242887,1.903545,10.308956
3M50986,98.720578,2.328935,0.063558,7.66218
3M50987,13.849961,1.415875,0.107853,10.567199
3M50995,12.40789,0.002885,0.970162,15.882885
3M50998,121.268541,2.263936,1.952332,26.627336
3M51000,15.984313,1.769627,4.666752,10.175115
3M51014,75.060409,1.710053,4.964658,14.027826
3M51018,144.152878,0.441444,1.905317,41.07693
3M51026,39.782288,2.032863,7.239306,9.490471
3M51036,20.221008,5.560658,1.17115,21.369819
3M51073,12.809369,1.332966,1.753871,6.188565
3M51077,141.288267,2.889013,3.397044,-3.418416
3M51083,32.82584,6.604805,4.290433,4.686123
3M51092,10.220369,2.703037,0.603193,28.576599
3M51094,49.107466,5.727888,2.126942,16.326102
3M51102,54.99728,1.521477,2.284655,14.245059
3M51112,4.602855,8.497304,1.529523,10.459612
3M51114,132.444865,3.990744,3.52303,9.673386
3M51125,13.007939,0.681954,4.922662,10.670839
3M51129,319.21426,7.662756,-0.65618,0.998877
3M51130,10.735239,1.184159,2.101023,28.463349
3M51139,177.253243,3.845661,-0.65618,13.697687
3M51144,28.169219,6.064917,4.463993,22.929572
3M51146,58.561768,0.233879,1.050216,33.648799
3M51164,99.056953,3.924301,2.415825,14.122372
3M51187,67.991113,1.301574,3.014885,9.351655
3M51188,12.968334,1.650768,3.631956,8.193251
3M51198,66.705293,2.01707,3.122203,4.975595
3M51199,10.670677,0.523069,4.359988,16.042807
3M51202,8.115856,6.408366,4.454806,12.580121
3M51253,188.961257,-0.20164,-0.338031,-2.050844
3M51270,201.993067,-0.453994,-0.65618,27.847341
3M51273,319.632016,10.139116,0.821406,10.859073
3M51278,486.170094,1.128469,-0.65618,-1.111114
3M51280,7.092625,0.240944,0.442134,9.238577
3M51284,82.910963,0.301773,1.902922,5.314314
3M51291,139.801707,8.566635,2.490236,-1.164719
3M51307,64.008869,0.266885,3.103731,13.182573
3M51310,55.463864,3.94677,4.409858,15.590496
3M51312,0.777623,1.584839,0.398006,14.351101
3M51314,9.851441,0.395833,0.969998,13.327052
3M51322,275.594044,13.098873,0.975018,-2.842388
3M51328,25.085422,0.349002,0.377927,17.519339
3M51332,144.158303,13.338966,0.541709,12.306263
3M51338,5.466633,3.3016,1.673226,25.132787
3M51353,0.575147,0.820971,2.241708,23.324229
3M51356,309.204397,4.293428,-0.577766,5.076319
3M51359,3.399393,0.724644,4.728433,13.010812
3M51366,0.109973,2.808671,2.148825,29.777729
3M51377,1.083018,0.702914,1.930318,25.52916
3M51385,6.579383,6.383971,1.731036,35.181098
3M51400,3.234406,2.191106,0.831019,30.882768
3M51406,-1.510594,3.776972,1.339099,36.488614
3M51408,73.600976,7.304542,3.357017,33.844412
3M51418,89.942281,2.173548,3.873431,20.836174
3M51456,5.441134,4.236615,5.160528,13.28793
3M51466,68.625885,1.944272,3.498096,19.97136
3M51467,0.017503,0.039269,0.207097,0.075714
3M51469,4.31634,1.992419,3.884586,17.246511
3M51478,72.152395,2.189918,4.281246,22.962174
3M51486,10.634327,1.775629,2.209817,11.363548
3M51500,12.792008,0.593075,0.219512,12.080966
3M51510,-6.898939,5.598854,0.157687,51.725805
3M51532,6.670529,7.232963,3.377358,54.584495
3M51551,-9.706583,9.378715,3.088082,38.81709
3M51600,44.953237,7.544635,6.2406,24.77588
3M51612,44.668403,1.139222,6.468951,15.366228
3M51617,42.070722,5.69579,4.304541,21.189649
3M51618,131.36521,1.357681,6.468294,17.745838
3M51632,8.891688,1.587374,6.401036,30.807269
3M51658,26.54377,2.564373,5.210397,11.808995
3M51661,23.690552,4.248491,3.113541,11.527931
3M51662,51.13982,1.503631,2.911011,47.496112
3M51665,216.733879,2.694499,0.163458,45.286033
3M51672,44.519205,0.03594,1.742224,35.876037
3M51678,209.778516,0.978508,-0.65618,19.435999
3M51684,280.910936,10.788459,2.837191,2.317151
3M51685,24.581402,3.789811,5.976159,22.771709
3M51688,-0.446163,3.568335,4.911179,17.001652
3M51689,86.019717,13.66123,7.654668,12.202451
3M51690,1.56946,0.496331,2.726658,14.697198
3M51691,-1.022525,5.565472,2.513235,31.550253
3M51694,1.296182,0.947661,0.954578,17.956894
3M51695,-1.4571,1.9193,1.86821,14.877883
3M51698,43.139526,5.721789,4.131965,37.523301
3M51705,157.114159,11.605032,1.033057,9.287652
3M51711,4.349977,1.480199,2.797886,27.474991
3M51728,174.752134,4.683098,1.721554,25.206571
3M51743,64.757574,2.642564,2.045969,19.236955
3M51747,28.930403,0.855027,4.671017,25.115628
3M51751,29.471858,3.577964,3.525327,56.288384
3M51757,-3.276345,9.296865,1.519155,25.074447
3M51767,81.711949,2.180738,2.052367,17.766429
3M51769,37.853558,0.650819,0.252193,54.558756
3M51775,368.151368,0.911134,1.410557,56.964448
3M51778,8.757138,-0.187722,0.576159,51.537056
3M51780,14.452181,18.150777,3.079978,48.930604
3M51781,-4.400705,5.110323,3.178339,37.574778
3M51782,0.265172,4.576533,2.983158,17.792167
3M51789,6.356941,3.045715,2.29371,18.145642
3M51790,50.635801,1.732746,2.20237,19.520078
3M51796,1.359768,10.157412,2.697818,15.673031
3M51811,196.356077,18.173567,5.985346,6.692353
3M51813,194.522292,3.957362,1.052119,20.649141
3M51814,20.439109,9.751372,5.554892,18.341255
3M51816,55.387909,11.638735,1.99961,16.914656
3M51837,25.065891,1.171128,1.240443,26.210372
3M51839,17.413906,3.594334,7.406304,18.578049
3M51851,5.392793,0.901151,3.75663,21.095275
3M51855,7.70244,2.740174,4.311431,27.487002
3M51859,192.406386,0.691038,1.171708,10.848091
3M51861,0.995507,7.020796,1.996034,23.32766
3M51873,15.856274,3.443473,4.41281,64.471511
3M51874,-10.8508,11.865026,2.522553,43.906449
3M51881,40.268404,4.14642,5.063741,49.598089
3M51895,39.900562,-0.64196,0.83056,65.863106
3M51909,33.970057,3.912746,0.980038,55.125003
3M51914,-0.733189,1.936408,0.686299,42.736205
3M51915,2.953805,1.887138,0.906414,55.312036
3M51916,2.079502,0.175599,1.992523,70.86667
3M51924,76.774835,2.680247,3.345862,65.461585
3M51926,-5.76503,3.54715,0.939847,26.181202
3M51928,44.970056,1.318361,3.557152,65.918014
3M51929,58.46411,3.353278,0.447252,58.652894
3M51931,7.641676,3.123777,1.979301,61.468686
3M51933,-0.029208,0.089746,1.016948,43.498065
3M51937,5.618002,3.192018,5.128703,70.338173
3M51942,34.45129,1.073935,1.777788,67.369666
3M51950,-1.569297,2.24962,4.786833,46.657037
3M51953,1.741716,1.334442,4.700217,57.939079
3M51957,-4.606219,3.790132,5.159871,50.661948
3M51966,225.099846,7.041659,6.059822,15.053591
3M51967,236.281595,0.9969,1.245102,24.731267
3M51976,2.706298,2.994583,2.098398,60.718837
3M51977,4.294638,2.526177,3.205308,86.551712
3M51985,3.003827,0.181588,1.199924,53.709386
3M51995,68.739818,2.202854,1.306225,87.104232
3M51996,8.686065,10.106376,10.017244,87.329015
3M52002,29.545643,4.495325,3.66739,77.944758
3M52016,135.922546,2.827545,2.418319,55.567706
3M52022,85.10825,7.457328,4.137215,25.757375
3M52023,0.279831,1.723727,2.89838,26.879574
3M52026,69.732666,2.245063,3.401309,30.688871
3M52031,-3.019344,4.890772,3.646392,30.074579
3M52035,66.683591,3.585989,4.173305,26.613609
3M52045,134.848317,3.571544,3.075909,20.213302
3M52049,-3.821598,4.992844,5.480743,30.740348
3M52050,7.181059,2.01354,4.258936,41.435553
3M52051,-2.471053,5.19121,6.334434,30.251317
3M52064,40.24833,5.795615,5.134608,40.828125
3M52067,4.508616,0.645844,3.755318,43.623326
3M52069,-0.98688,2.384047,4.465633,26.556984
3M52077,62.12083,3.594655,4.215956,41.83879
3M52083,0.628912,1.535761,2.836404,42.918091
3M52084,68.305786,0.691969,2.21008,44.923978
3M52086,7.061158,-0.089537,2.975908,49.788554
3M52091,212.778763,4.711023,3.4853,33.906184
3M52115,132.954852,15.045938,6.203526,56.744813
3M52119,1.930466,1.903283,2.455163,35.836571
3M52120,65.414048,0.641061,1.642583,44.79357
3M52125,118.68605,1.88014,3.164526,44.119221
3M52127,6.889173,0.840229,2.558675,56.079044
3M52138,70.747216,-0.412363,1.57785,39.259792
3M52143,-0.444313,2.711671,4.845889,63.821185
3M52146,-3.838579,4.165357,2.847985,37.974583
3M52166,15.53292,-0.492672,1.656986,42.894068
3M52171,-1.416084,3.005111,3.27191,49.139944
3M52173,12.344413,0.9683,4.070285,64.598487
3M52184,-1.916197,1.352064,1.841996,18.111325
3M52185,10.313685,1.587374,2.705365,37.10119
3M52189,-2.66653,2.719118,2.020247,37.84589
3M52193,0.494607,0.312602,2.285377,18.320664
3M52204,5.69233,0.716171,2.107913,36.679078
3M52209,190.225375,10.148746,-0.273962,32.717065
3M52210,1.702599,-0.244259,2.203616,25.838022
3M52212,-2.89852,1.981538,2.819638,46.657037
3M52216,-8.939974,6.319775,1.537299,31.720127
3M52224,23.004781,1.955506,2.059355,65.85281
3M52229,9.972428,0.878522,3.989246,54.726915
3M52236,-7.328088,8.38143,5.65135,45.754473
3M52242,7.097508,-0.087939,3.016295,26.690824
3M52264,-1.14655,2.776766,3.189429,16.42734
3M52265,0.323625,2.640863,4.672658,32.344715
3M52272,19.523844,0.886836,3.014458,26.719995
3M52274,11.058593,-0.343031,0.903101,27.677467
3M52282,-0.231708,0.915146,1.9627,22.155701
3M52283,2.784424,0.232958,2.69854,37.423779
3M52287,91.293206,-0.435698,2.498208,24.024316
3M52299,108.155349,0.534913,2.09597,27.601967
3M52307,9.476004,1.299873,3.317318,3.696049
3M52329,17.176816,11.862458,5.360991,3.39834
3M52332,14.718025,1.528796,2.349682,8.257597
3M52346,-0.870397,2.219448,2.217134,10.119349
3M52350,5.570258,1.406245,2.669603,16.95721
3M52360,-1.787941,3.685171,1.347039,13.21998
3M52377,3.839067,-0.014949,1.328076,5.759075
3M52378,1.519383,1.297016,1.58894,12.788431
3M52388,3.524231,-0.02083,1.75223,12.932052
3M52391,10.716793,1.807984,2.775937,11.596395
3M52404,272.024131,2.944125,2.659826,0.771726
3M52413,119.320822,4.267429,3.778941,23.907635
3M52414,-3.037139,3.268539,2.297417,25.980442
3M52415,1.031206,-0.082845,1.681986,15.662392
3M52417,4.107299,1.795113,1.398582,21.016343
3M52421,17.164881,0.683591,2.254569,31.867695
3M52422,5.749839,1.586925,0.438164,53.043617
3M52427,185.760271,7.604979,5.411188,18.090734
3M52433,22.183376,-0.150341,1.737565,47.137489
3M52434,46.687737,1.400372,1.886485,31.100688
3M52452,21.901255,0.981653,3.363579,16.202557
3M52457,8.47339,-0.071646,2.46599,46.281255
3M52466,36.344212,-0.06575,3.427228,4.310169
3M52467,152.659905,1.476315,4.108671,8.507089
3M52468,197.782957,1.762822,3.931502,5.618543
3M52475,141.304543,2.613323,4.525673,16.365225
3M52477,43.006603,10.254669,5.716968,12.108077
3M52482,0.626525,0.338024,2.709991,15.108499
3M52488,1.625938,-0.156259,3.362266,13.219637
3M52490,0.574767,0.125336,3.33766,9.369844
3M52495,11.995017,1.605895,3.898037,8.28488
3M52502,100.955843,1.262382,1.088471,14.089083
3M52509,30.58081,2.350023,4.133606,5.908015
3M52510,-0.631517,7.388318,5.001732,13.704893
3M52518,5.896867,2.978598,4.133278,9.598916
3M52527,-0.304208,1.451793,2.777085,18.252028
3M52533,4.818298,0.793398,3.334051,19.144296
3M52540,7.963945,0.703331,2.5238,17.766429
3M52542,1.746328,1.680362,2.92525,17.201897
3M52543,20.394079,3.680999,4.865903,14.752793
3M52547,14.789098,2.044514,4.589651,14.971571
3M52561,4.008557,0.729973,4.628366,17.244795
3M52590,27.989639,1.645568,6.905638,18.022098
3M52596,17.785004,4.111112,6.25438,5.616141
3M52601,6.062884,0.632523,3.306819,3.733627
3M52616,13.787569,8.606437,5.216959,0.383332
3M52623,92.069038,2.848569,2.722819,5.470118
3M52627,2.096592,7.265703,6.427283,5.089359
3M52628,111.416014,6.387502,5.263876,0.5588
3M52630,147.391842,4.318144,3.91477,4.771575
3M52631,5.844241,8.076178,7.072308,7.472573
3M52632,94.580998,7.009561,7.514573,10.000608
3M52633,99.946719,11.72219,9.521172,3.143186
3M52634,4.273533,5.344959,5.441045,7.524393
3M52636,43.040241,11.724757,8.332502,5.734366
3M52640,10.706484,6.579127,7.910578,6.688921
3M52641,-1.30725,5.570929,5.319979,7.836858
3M52642,66.987414,6.82243,6.6202,5.142209
3M52643,72.255477,12.542614,9.522156,5.55128
3M52703,296.215989,-0.33475,1.584773,-3.4318
3M52705,6.698199,6.746037,4.909211,10.140283
3M52707,4.368098,0.311662,3.086474,7.052006
3M52708,22.185546,3.525965,4.402968,6.162655
3M52710,149.768167,6.308862,5.055867,2.126858
3M52711,1.431763,6.410934,2.834041,11.606176
3M52712,27.167148,1.683091,3.910177,5.039427
3M52721,9.209074,0.582771,2.824625,7.208153
3M52726,23.282562,7.610115,5.945647,11.194188
3M52728,134.126739,0.42899,2.778233,3.820451
3M52730,241.104776,2.027727,4.424294,-0.0963
3M52731,173.661629,1.401399,0.069119,4.1451
3M52746,52.875948,5.080792,3.901646,4.777752
3M52749,-2.317948,2.916007,3.34783,10.071132
3M52751,-1.844745,1.007396,0.624454,2.773581
3M52752,15.016965,6.691791,6.199261,10.218356
3M52753,62.516884,6.532585,8.192407,9.842917
3M52754,4.524078,12.861348,5.399377,7.295149
3M52761,211.997505,2.985916,3.59357,-0.698646
3M52769,10.596349,7.085954,8.9375,10.14543
3M52770,4.093519,7.385429,6.196636,13.524037
3M52771,92.454241,14.849498,10.456228,8.104367
3M52772,16.717828,8.666781,9.319396,14.263762
3M52773,19.771243,9.780582,7.729144,11.794239
3M52781,10.136275,10.980405,9.077594,10.077652
3M52785,163.489004,10.484812,9.342035,2.039004
3M52788,-4.697854,5.467573,5.450231,10.557075
3M52789,31.684336,6.996722,7.263256,19.387954
3M52791,128.728466,8.626338,4.401984,5.8308
3M52793,89.37804,7.190594,7.648106,13.11857
3M52796,249.720311,6.5374,3.474801,5.853106
3M52805,4.843526,4.826897,5.436123,12.780366
3M52807,-7.012872,6.96013,7.952574,18.089018
3M52809,-6.331442,9.723126,7.125787,11.663487
3M52813,4.910584,0.991539,2.026678,11.747909
3M52823,140.349673,5.034571,3.015475,-3.207532
3M52824,171.71391,1.407465,3.225551,-1.409028
3M52830,21.723844,15.056851,3.159441,-1.617253
3M52832,21.161773,3.483917,7.556897,6.970844
3M52836,42.362066,7.283036,5.892168,2.636995
3M52837,32.514965,0.781105,4.025008,4.989666
3M52840,114.06361,11.540836,0.772685,-3.4318
3M52841,207.098369,6.839763,3.686419,-3.4318
3M52849,1.877568,1.703826,3.737929,10.603919
3M52851,1.682634,-0.115103,1.637202,7.98271
3M52869,4.159817,-0.044517,2.98867,16.986037
3M52876,10.226336,0.540562,3.015442,15.087909
3M52899,27.96848,2.973944,3.455444,9.041763
3M52905,311.54817,2.905383,-0.65618,3.44038
3M52906,1.03164,0.7414,1.126399,13.758258
3M52909,18.596644,0.680574,0.600766,13.123718
3M52916,13.594967,4.188147,2.296696,19.346772
3M52922,-6.404142,5.203407,4.908554,15.823
3M52928,273.543243,6.582658,4.536172,11.247724
3M52929,4.61452,6.924502,2.515138,5.157824
3M52933,15.543771,3.03432,2.889554,9.291084
3M52936,32.418935,1.586155,3.049301,5.040799
3M52942,47.420166,8.639498,2.033338,7.920594
3M52944,0.017062,0.041718,0.181923,0.072373
3M52954,70.492222,-0.107037,1.100217,4.215108
3M52959,62.473481,3.813242,2.320449,10.459268
3M52961,50.445912,5.842799,3.01495,3.385471
3M52964,18.71329,2.350183,2.612482,7.564202
3M52965,41.725124,3.460485,1.101923,6.7881
3M52966,-4.139146,3.788206,1.733037,6.0887
3M52968,92.671257,0.671073,3.445929,15.735146
3M52980,68.891729,3.133375,4.076846,-0.327514
3M52981,27.984756,0.520116,2.046133,7.472916
3M52982,12.16863,17.292156,1.161143,-3.4318
3M52987,64.318117,1.09865,1.725097,6.448524
3M52989,95.622675,6.242098,6.734703,-0.806233
3M52991,3.759043,5.215925,0.771569,9.742022
3M52992,10.294696,5.553917,-0.65618,1.924897
3M52994,8.351318,1.099421,0.159462,15.937966
3M52996,-2.467906,7.203112,5.163809,1.622383
3M53000,156.560768,3.603963,3.655579,-1.993704
3M53001,68.343764,1.208682,3.55059,4.206186
3M53013,10.594721,2.620031,4.720559,12.98799
3M53019,163.347943,1.349657,1.888355,14.217947
3M53022,2.931289,18.107124,6.572299,13.984413
3M53029,3.964828,1.560476,0.703359,6.835459
3M53033,4.075343,1.602942,2.237771,19.554396
3M53040,12.678075,7.512537,6.602155,12.196274
3M53049,135.580746,6.064596,5.744528,13.582035
3M53050,94.141541,5.602064,6.736016,11.35943
3M53058,-1.104774,7.093337,5.739606,9.027693
3M53068,164.275687,6.569819,6.715346,5.630726
3M53070,41.031215,7.643176,9.582853,11.772104
3M53071,32.287098,7.982773,9.214736,10.645615
3M53075,34.200637,6.893366,7.741612,24.393234
3M53076,120.650045,9.092079,11.275141,9.892335
3M53079,82.981493,9.20346,12.016296,12.542714
3M53105,24.771834,1.837996,3.974482,20.479266
3M53107,126.238207,6.378515,6.10313,9.556533
3M53111,106.636237,8.589746,8.64714,21.146752
3M53113,38.436246,11.869198,6.773418,8.578814
3M53118,-1.967413,9.281458,6.998488,12.823607
3M53119,158.085305,22.536969,9.969015,4.955348
3M53122,14.51837,17.226034,12.272863,13.722739
3M53129,175.207868,10.780113,6.008312,13.833243
3M53137,60.487785,13.319065,8.52345,18.989865
3M53144,1.560833,16.688392,9.702606,13.307662
3M53145,49.156837,11.738881,11.531051,15.823343
3M53146,80.100606,4.532238,2.838963,25.009242
3M53155,-1.69929,3.104454,2.025759,15.529753
3M53156,26.514472,0.305323,3.762536,23.214411
3M53159,55.735134,2.076741,3.479394,15.141445
3M53173,171.415513,12.424815,6.109364,12.162814
3M53177,-1.227931,1.936151,0.92505,9.197224
3M53178,1.429918,0.793687,1.057106,14.13833
3M53179,97.79826,7.453156,6.195323,12.00701
3M53187,-8.363254,5.672359,0.549091,9.438308
3M53189,-8.17445,5.691296,2.126515,18.548879
3M53190,-3.075551,4.185579,3.921988,17.713236
3M53194,65.924035,2.703743,3.908536,9.552758
3M53196,3.074683,4.76559,1.483,16.06151
3M53199,-10.093414,11.165289,3.454132,12.956761
3M53203,0.28217,4.688876,2.712287,18.993297
3M53208,90.696412,6.699174,5.423984,13.58152
3M53209,-2.80721,5.620039,1.731692,13.268368
3M53210,-1.850387,2.373551,3.378015,23.322513
3M53213,-3.077775,4.050768,3.405902,14.149655
3M53217,34.908651,2.111118,4.834406,21.814237
3M53224,61.263617,8.0245,9.698997,9.427155
3M53226,1.180133,0.544831,5.088676,14.906366
3M53231,5.893612,0.967851,4.036491,17.076122
3M53234,-2.863852,3.603321,2.059683,17.913996
3M53237,40.00907,1.962054,4.68939,14.09955
3M53247,4.118638,4.505275,4.695952,14.053736
3M53250,23.607,2.012192,3.79108,15.718159
3M53252,90.826621,5.487795,1.639794,8.666496
3M53253,16.200244,-0.286054,2.412643,27.097493
3M53256,3.058135,4.024768,4.456446,13.896216
3M53261,370.408334,0.472804,1.134699,-3.4318
3M53270,178.701825,2.981936,5.962051,7.95354
3M53276,-1.92325,3.704109,5.308496,8.854902
3M53277,25.933955,1.538168,3.90099,14.164926
3M53278,18.240195,4.288293,4.020087,9.210608
3M53279,137.886541,2.742485,2.646341,17.80761
3M53281,13.908555,4.205159,5.091629,14.67472
3M53289,168.426118,4.917735,6.087382,9.432131
3M53290,3.100725,5.506733,1.799508,12.290649
3M53292,204.06557,5.616829,3.881633,14.304772
3M53293,222.84288,7.026894,4.113592,15.718159
3M53294,-0.887053,4.654531,4.576856,14.131294
3M53300,128.023164,2.30178,4.210379,13.665084
3M53302,4.555491,0.100309,2.532691,9.554303
3M53312,14.668111,3.877117,6.057198,14.400862
3M53316,63.905787,2.726083,2.117001,17.258522
3M53317,46.508156,0.486509,2.975317,3.067171
3M53320,131.793817,4.187505,2.953335,7.413031
3M53321,231.670005,0.381838,2.469632,-3.4318
3M53322,41.23955,2.742774,3.159933,4.41604
3M53325,70.047339,2.627895,3.013638,6.289975
3M53333,95.221195,4.281873,2.648671,4.524828
3M53338,308.29293,7.677842,1.707348,10.028063
3M53340,93.533896,4.174666,1.681396,9.771707
3M53341,3.191112,1.019882,3.307803,10.492214
3M53342,1.769277,0.26027,2.161523,4.895977
3M53343,40.621597,0.240613,2.301223,3.376548
3M53346,13.943278,-0.046151,1.999151,4.783414
3M53347,38.76394,1.443351,4.015165,3.394393
3M53349,0.261613,0.065512,2.236032,8.608842
3M53350,0.595329,-0.041557,2.365726,8.971755
3M53351,-0.353042,1.257792,2.195677,9.775139
3M53354,105.518605,-0.029679,1.763484,11.849491
3M53355,12.030824,8.457823,3.355048,0.323293
3M53358,39.755161,0.052991,3.800595,3.776696
3M53368,5.05338,1.607339,2.667306,7.735277
3M53378,48.488427,-0.123006,4.747462,5.877987
3M53385,43.931634,3.8126,6.194011,9.064928
3M53392,43.862731,5.768653,7.147113,11.954847
3M53393,84.56571,7.449946,5.026667,10.684223
3M53395,61.23649,6.939588,5.005997,14.745243
3M53398,108.122797,-0.133723,1.125185,13.117541
3M53402,1.500557,0.442022,1.623652,17.824769
3M53405,1.05893,3.069243,1.796326,12.882977
3M53407,345.050015,-0.46128,-0.053889,17.198466
3M53421,21.144411,2.642051,3.441992,11.607377
3M53422,86.909483,2.140166,3.403934,9.564083
3M53431,50.995505,4.411228,8.571679,15.694651
3M53435,3.022382,2.157724,5.700892,12.10842
3M53438,2.259137,2.749162,2.963998,6.05747
3M53440,18.051391,8.879591,8.032956,14.920608
3M53444,58.556342,6.228617,8.209796,18.710174
3M53448,281.480603,6.187531,8.753441,14.732031
3M53455,27.360835,0.593075,2.064933,20.961434
3M53457,-2.551023,2.983028,2.64329,6.205552
3M53464,105.849554,3.492904,3.857354,19.574987
3M53465,-1.019053,1.216193,3.350783,16.664992
3M53467,-0.275095,2.653927,3.09461,15.205276
3M53472,28.454595,2.980331,2.744473,6.862399
3M53482,10.373907,6.73416,6.083117,20.194427
3M53487,0.499104,0.769517,1.827789,12.212403
3M53492,7.231516,3.279453,3.664437,7.428989
3M53502,-5.417587,10.555106,1.63917,5.728875
3M53504,74.100113,-0.111756,2.554279,14.148797
3M53519,88.509976,4.015781,4.942348,18.457936
3M53521,25.588899,0.729331,2.633742,24.865107
3M53523,15.223672,5.539152,3.016624,25.597796
3M53524,10.178593,2.65948,2.999497,26.605029
3M53527,43.452029,0.955269,1.726869,21.572295
3M53528,69.249806,2.441727,3.697574,18.809696
3M53530,4.269356,1.977301,2.659858,24.556245
3M53534,75.326254,0.473157,4.42659,11.061378
3M53540,120.378775,0.847387,4.837687,7.132482
3M53543,69.331187,10.127882,2.518484,9.91876
3M53552,23.199553,0.503393,3.145399,7.79928
3M53573,11.316842,10.774657,3.728743,9.715941
3M53610,4.257908,0.216148,2.773312,8.482723
3M53611,5.511121,2.749097,2.20296,5.393417
3M53616,16.867026,-0.004435,2.219594,5.394103
3M53619,3.856808,1.283567,2.457132,6.039282
3M53624,30.425643,1.973417,3.779597,10.255763
3M53628,49.505147,0.759471,6.77309,6.106202
3M53629,267.184674,0.485996,1.9481,-2.870529
3M53632,168.219952,4.103729,4.765835,2.457169
3M53638,4.89957,-0.033298,1.764829,4.787361
3M53639,23.480589,2.471963,3.697574,4.216309
3M53650,52.490202,12.353878,7.668776,0.305036
3M53653,37.333262,-0.065778,2.209096,5.575817
3M53659,109.083092,-0.05386,1.292773,9.701699
3M53660,54.769413,0.026488,3.814046,9.840858
3M53661,9.656669,1.048192,1.83002,4.810526
3M53662,7.944413,5.192814,3.397044,12.82498
3M53664,0.279175,4.542509,2.710319,12.14514
3M53674,101.634018,0.189266,3.49908,8.346309
3M53675,8.573217,0.121189,2.521897,12.314843
3M53676,58.209117,0.183745,2.407492,10.397496
3M53686,5.773711,-0.255051,2.262476,24.149577
3M53697,6.997681,0.335264,2.420648,21.464193
3M53698,89.698138,2.557986,3.621786,26.303031
3M53699,0.552468,-0.122059,2.334984,15.823343
3M53702,19.507026,0.666419,2.227141,29.441412
3M53703,13.25588,1.121472,2.703658,29.865239
3M53714,72.239201,1.550494,6.080492,24.434416
3M53716,67.589633,0.789579,1.20268,26.541541
3M53722,93.544747,0.090844,2.869934,22.179723
3M53728,7.455585,-0.258909,1.165441,24.442996
3M53742,-1.852123,3.033807,2.709728,12.089717
3M53757,145.693692,-0.35311,1.103465,12.354308
3M53765,21.030478,-0.059324,2.197219,8.011709
3M53775,2.445716,0.460574,1.532377,9.240465
3M53779,2.668157,0.850693,2.285606,11.877117
3M53790,99.344499,4.268392,4.354082,7.595775
3M53795,0.240079,0.599623,1.817947,9.357832
3M53796,-1.434801,1.953902,0.101898,10.732611
3M53797,63.954615,1.257054,1.277911,16.416702
3M53798,1.324557,0.019052,2.005844,8.110201
3M53800,197.08308,2.090703,4.881323,-1.758969
3M53802,-0.267608,0.134154,1.842783,6.838376
3M53807,57.210843,0.975458,2.365627,30.186113
3M53808,58.171139,-0.24139,2.69982,12.745534
3M53810,57.785935,0.216902,2.73486,16.744782
3M53811,108.632784,0.247874,2.080616,2.37961
3M53813,8.10826,-0.210489,1.752624,20.450096
3M53816,22.706384,2.455754,2.061521,16.362479
3M53817,0.133763,0.936652,2.542435,16.105266
3M53819,-5.239526,7.367775,1.613481,9.693634
3M53821,9.504758,0.583542,3.321911,22.88839
3M53829,4.378352,1.763239,2.261984,23.936805
3M53831,129.216752,4.137753,8.015895,19.70368
3M53845,20.429344,-0.059452,2.262213,15.876193
3M53849,109.197026,0.398208,2.757695,11.275865
3M53854,34.775729,1.315633,5.04504,9.51844
3M53855,199.871736,1.725171,5.65135,7.812664
3M53856,-0.240627,0.688791,2.220283,7.553563
3M53861,19.180417,0.283807,2.903137,11.738472
3M53866,110.173598,3.343649,3.204291,2.768605
3M53869,7.054648,2.03909,4.632959,13.555953
3M53872,71.718363,8.134917,2.439448,7.721893
3M53877,104.742772,-0.177123,6.347557,1.814049
3M53881,9.413069,0.017935,2.277043,2.745783
3M53882,11.947816,0.806398,2.394827,1.945831
3M53883,6.98032,0.802065,3.04123,2.868813
3M53884,136.269772,-0.060229,2.492434,12.255816
3M53891,91.396288,0.556258,3.40459,2.406893
3M53895,102.388149,0.873868,2.628001,11.76198
3M53905,45.775185,0.87374,2.72482,21.318342
3M53907,0.225523,-0.000255,2.003055,1.468004
3M53909,0.165952,-0.039516,1.456785,5.909216
3M53913,45.773557,1.235548,4.414779,25.041845
3M53921,13.441428,1.77794,2.135308,8.308903
3M53926,6.06831,0.103012,2.236458,17.349465
3M53927,0.742195,0.700892,2.092919,16.689873
3M53928,154.238697,0.836474,1.855677,15.153456
3M53929,2.765815,0.849698,2.866621,9.753347
3M53931,1.065006,-0.012795,1.996198,6.673821
3M53936,274.009827,2.827096,2.516811,10.069416
3M53938,0.893672,1.198154,2.130026,20.07603
3M53940,-0.64942,1.70832,2.867999,13.793262
3M53941,2.723931,2.661181,2.467762,8.059411
3M53951,3.337543,-0.017828,2.156273,7.357264
3M53957,64.844381,-0.136455,1.656887,6.084067
3M53958,0.932192,1.493103,1.669617,7.239382
3M53965,66.39062,0.109152,2.032386,6.556797
3M53967,11.609813,-0.101231,0.782265,12.753084
3M53978,61.697649,7.121583,4.277637,4.886712
3M53981,-0.923295,2.333075,2.684859,9.095643
3M53983,9.988704,-0.135489,2.173563,12.398407
3M53991,18.38451,0.337061,2.637581,12.333031
3M53993,2.308182,0.401225,1.416299,12.46996
3M53997,85.384945,-0.213131,1.912699,10.3709
3M54012,52.513532,0.536325,1.560462,4.321666
3M54018,31.561722,-0.077462,1.356127,4.936473
3M54019,21.981551,-0.224063,1.930186,18.394448
3M54026,107.531428,1.801629,3.578478,9.547954
3M54029,416.752101,0.435217,0.913665,-3.4318
3M54030,122.223411,-0.231282,3.087917,5.970646
3M54043,14.809714,-0.11839,2.801823,10.113686
3M54049,9.136916,-0.091531,2.414185,12.215664
3M54051,19.112599,3.668801,1.74931,11.593478
3M54054,261.336093,1.290211,2.272384,2.520486
3M54061,0.211439,3.030244,2.40969,7.547901
3M54090,196.708728,0.005834,3.931502,10.848778
3M54098,5.197587,2.217843,2.912914,7.61259
3M54107,31.019724,-0.037336,3.566994,3.232927
3M54108,6.010801,0.363927,2.453818,6.964323
3M54111,4.925287,-0.081015,2.550801,8.229113
3M54114,7.126263,0.502976,2.275271,6.730103
3M54121,112.522796,-0.461794,1.225416,24.769016
3M54133,3.987126,0.509941,2.956025,7.259801
3M54138,15.67181,2.92891,3.841606,6.318287
3M54162,9.397335,0.074952,3.519421,20.559914
3M54165,3.168542,0.592208,3.316662,17.589691
3M54166,77.821938,0.721531,2.845721,29.736547
3M54169,-0.40231,-0.040437,1.517843,3.989468
3M54171,194.245596,0.582675,0.92587,20.736651
3M54178,25.802117,0.886964,2.925447,22.764845
3M54179,6.805622,0.06088,3.016984,10.082114
3M54185,11.854499,1.519904,4.233673,20.096621
3M54186,34.72039,-0.118493,3.1203,23.691431
3M54196,16.194819,0.889211,3.474473,27.82675
3M54211,7.741503,2.536705,2.094297,29.901273
3M54217,13.960639,0.232056,3.26046,36.090525
3M54223,7.163698,0.618978,2.171595,29.184027
3M54224,12.000985,-0.024031,1.336901,34.189308
3M54234,3.33635,-0.200885,3.564698,19.051638
3M54239,66.341791,-0.194135,2.573505,27.413218
3M54243,250.772839,0.588453,2.807269,10.989825
3M54244,0.545632,-0.156346,1.952103,16.55792
3M54248,2.578204,0.113274,2.104533,26.924187
3M54257,167.248806,1.453462,4.46793,24.607722
3M54263,2.877469,-0.085239,2.554706,12.057801
3M54266,10.671219,1.253042,1.883237,14.822116
3M54270,90.810345,6.63562,2.702412,8.357806
3M54276,3.996567,1.788083,2.126318,10.588647
