filter_id,Mg,Al,Si,S,K,Ca,Ti,Mn,Fe,Zn,Cl,Na,BC,PM25,arm,fueltype,group
3M50038,0.0068,0.0164,0.0104,0.0107,0.0302,0.0118,0.0132,0.0046,0.0121,0.0037,0.0318,0.01,3.2025,4.807,Control,Biomass,Baseline
3M50039,0.0106,0.0377,0.0601,0.0216,0.0837,0.0529,0.0097,0.0056,0.0239,0.0088,0.0708,0.0148,1.059,6.0989,Intervention,Biomass,Baseline
3M50040,0.0112,0.009,0.0202,0.0269,0.1564,0.0529,0.0085,0.0043,0.0164,0.0075,0.2208,0.0115,3.8757,14.9144,Control,Biomass,Baseline
3M50046,0.0172,0.1335,0.1539,0.0192,0.1483,0.0473,0.0165,0.0077,0.0765,0.0037,0.2451,0.013,1.6593,8.4226,Control,Biomass,Baseline
3M50080,0.0101,0.0161,0.0708,0.0395,0.064,0.0868,0.0078,0.0046,0.0169,0.0037,0.1082,0.061,2.0031,5.4689,Intervention,Biomass,Baseline
3M50107,0.0047,0.009,0.0104,0.0133,0.0712,0.0076,0.0132,0.0032,0.0087,0.0037,0.0994,0.0102,1.0923,7.0293,Control,Biomass,Control
3M50113,0.0147,0.009,0.0074,0.0234,0.1614,0.0322,0.0056,0.0049,0.0176,0.0073,0.2553,0.0127,3.4031,8.0389,Intervention,Biomass,Baseline
3M50148,0.0164,0.0644,0.173,0.0229,0.1399,0.0578,0.0171,0.0082,0.0566,0.0112,0.2361,0.0178,0.1764,7.2994,Control,Biomass,Control
3M50150,0.0065,0.0258,0.0554,0.009,0.0376,0.0373,0.0113,0.0075,0.045,0.0037,0.0297,0.0103,1.9738,4.7293,Intervention,LPG,Intervention
3M50188,0.0037,0.009,0.0104,0.0047,0.0178,0.009,0.0132,0.0032,0.0079,0.0037,0.0171,0.061,0.1921,4.9822,Intervention,Biomass,Baseline
3M50190,0.0049,0.0132,0.0104,0.0136,0.0527,0.0111,0.0132,0.0046,0.0079,0.0037,0.073,0.061,0.7378,5.845,Control,Biomass,Control
3M50193,0.007,0.0246,0.0147,0.0152,0.0854,0.0151,0.0088,0.0061,0.0164,0.0037,0.109,0.061,5.0799,5.9004,Control,Biomass,Control
3M50212,0.0068,0.0456,0.0509,0.0324,0.0304,0.0178,0.0099,0.0052,0.0248,0.0088,0.0217,0.061,1.451,4.8578,Control,Biomass,Baseline
3M50727,0.0127,0.0565,0.1163,0.0208,0.1481,0.0796,0.0139,0.0092,0.0437,0.0116,0.485,0.061,1.7582,10.341,Control,Biomass,Baseline
3M50733,0.0102,0.0787,0.1569,0.0398,0.1874,0.0702,0.0191,0.0126,0.0693,0.0114,0.2137,0.011,2.6959,21.1072,Control,Biomass,Control
3M50755,0.0075,0.0077,0.0102,0.0404,0.2971,0.0367,0.0132,0.0061,0.016,0.0037,0.789,0.061,2.424,16.3594,Intervention,Biomass,Baseline
3M50757,0.0078,0.0194,0.0515,0.0194,0.0811,0.0364,0.0089,0.008,0.0276,0.0105,0.0958,0.0111,1.9752,5.1773,Control,Biomass,Control
3M50775,0.0038,0.009,0.0124,0.0211,0.0291,0.0167,0.0082,0.0051,0.0226,0.0082,0.0182,0.061,0.3998,4.7783,Intervention,LPG,Intervention
3M50783,0.0063,0.009,0.0104,0.0299,0.1033,0.0162,0.0132,0.0053,0.0077,0.0037,0.2135,0.0097,2.2486,6.7608,Intervention,Biomass,Baseline
3M50786,0.0037,0.005,0.0075,0.022,0.0142,0.0131,0.0068,0.0046,0.0122,0.0091,0.0124,0.061,1.8832,4.7295,Intervention,LPG,Intervention
3M50794,0.0053,0.0274,0.0054,0.0139,0.0171,0.0086,0.0081,0.0046,0.0129,0.0037,0.0123,0.0088,0.2007,4.7077,Intervention,LPG,Intervention
3M50813,0.0074,0.0257,0.0104,0.0131,0.0469,0.0239,0.0132,0.0046,0.0061,0.0037,0.0433,0.061,2.0144,5.0197,Intervention,LPG,Intervention
3M50821,0.0072,0.0222,0.0138,0.0186,0.0532,0.0144,0.0073,0.0046,0.0132,0.0078,0.0489,0.0134,1.16,4.8444,Control,Biomass,Control
3M50824,0.0083,0.0058,0.0104,0.0379,0.1689,0.0521,0.0078,0.0046,0.0155,0.0037,0.3873,0.0113,1.7299,17.0743,Control,Biomass,Control
3M50825,0.0058,0.028,0.0675,0.0168,0.032,0.0184,0.0134,0.0093,0.0445,0.009,0.0306,0.0121,0.4583,4.7697,Intervention,LPG,Intervention
3M50829,0.0136,0.0219,0.0794,0.0467,0.3083,0.072,0.0115,0.0091,0.0286,0.011,0.7452,0.012,2.8468,14.4126,Intervention,Biomass,Baseline
3M50833,0.004,0.009,0.0104,0.0195,0.0337,0.0075,0.0071,0.0056,0.0139,0.0086,0.0229,0.0118,0.2888,4.6762,Intervention,LPG,Intervention
3M50871,0.0079,0.009,0.0104,0.0627,0.56,0.0128,0.0062,0.0036,0.0075,0.0104,0.7554,0.061,2.3488,18.7669,Control,Biomass,Control
3M50876,0.0061,0.0061,0.0268,0.0325,0.2604,0.03,0.0132,0.0072,0.009,0.0095,0.6055,0.061,1.1657,11.5423,Control,Biomass,Control
3M50877,0.0112,0.0312,0.0693,0.0244,0.0825,0.0372,0.0086,0.0046,0.0104,0.0037,0.0434,0.0157,2.4105,6.5352,Control,Biomass,Control
3M50888,0.0081,0.0276,0.0098,0.0108,0.0615,0.0168,0.0132,0.0046,0.0147,0.0037,0.0891,0.061,1.4312,6.3055,Control,Biomass,Control
3M50889,0.0097,0.037,0.0299,0.0112,0.0404,0.0309,0.0132,0.0061,0.0172,0.0037,0.0288,0.061,0.2012,4.7685,Control,Biomass,Control
3M50890,0.007,0.0292,0.0126,0.0179,0.0566,0.0108,0.0132,0.0046,0.0146,0.0037,0.0676,0.0093,1.2852,5.4536,Control,Biomass,Control
3M50924,0.0056,0.009,0.0104,0.0158,0.0426,0.0158,0.0132,0.0046,0.0128,0.0037,0.0462,0.0111,1.2777,5.3139,Control,Biomass,Baseline
3M50927,0.0079,0.0377,0.097,0.0193,0.0305,0.0325,0.0101,0.0056,0.0384,0.0037,0.0576,0.0175,2.0795,5.1674,Intervention,LPG,Intervention
3M50986,0.0059,0.0119,0.0582,0.0228,0.0933,0.0267,0.0073,0.0069,0.0187,0.0037,0.1901,0.061,1.1878,9.6731,Control,Biomass,Control
3M50987,0.004,0.0188,0.0268,0.016,0.0264,0.0135,0.0132,0.0073,0.0271,0.0088,0.0353,0.061,1.2349,4.6763,Intervention,LPG,Intervention
3M50995,0.0054,0.027,0.0442,0.043,0.0252,0.012,0.0132,0.0094,0.0088,0.0165,0.0347,0.061,2.9161,7.8795,Control,Biomass,Control
3M50998,0.009,0.0447,0.0571,0.0514,0.1436,0.0227,0.0082,0.0062,0.0227,0.0037,0.2402,0.013,1.4455,10.5996,Control,Biomass,Baseline
3M51000,0.01,0.0564,0.0324,0.0169,0.0287,0.0176,0.0097,0.0067,0.0309,0.0037,0.0472,0.02,1.0635,4.6766,Intervention,LPG,Intervention
3M51014,0.012,0.0424,0.0642,0.0275,0.0907,0.04,0.0074,0.0046,0.0171,0.0095,0.1421,0.0248,1.9407,6.765,Intervention,LPG,Intervention
3M51018,0.0086,0.0353,0.0228,0.0725,0.1783,0.0299,0.0132,0.0046,0.0175,0.0037,0.2566,0.061,3.6495,10.9489,Intervention,Biomass,Baseline
3M51026,0.0156,0.0516,0.0395,0.0179,0.0527,0.0403,0.0096,0.0098,0.0301,0.0097,0.0821,0.0196,1.5041,6.5033,Control,Biomass,Control
3M51036,0.0072,0.0654,0.0987,0.035,0.0425,0.02,0.0125,0.0071,0.0466,0.0096,0.0782,0.0168,1.5274,5.2342,Intervention,LPG,Intervention
3M51073,0.0075,0.0075,0.0286,0.0098,0.0239,0.0367,0.0132,0.0049,0.0165,0.0088,0.0323,0.0157,0.7928,4.6769,Intervention,LPG,Intervention
3M51077,0.0129,0.0276,0.0596,0.0153,0.1582,0.055,0.0097,0.0082,0.0265,0.0037,0.2294,0.061,3.1608,10.0894,Intervention,Biomass,Baseline
3M51083,0.0152,0.0584,0.1982,0.0142,0.0775,0.0722,0.0144,0.007,0.0369,0.0037,0.0668,0.0147,1.4959,5.1988,Intervention,Biomass,Baseline
3M51092,0.0053,0.0222,0.0558,0.0353,0.0433,0.0172,0.0093,0.0054,0.0255,0.0112,0.0319,0.0114,1.5328,5.0792,Intervention,LPG,Intervention
3M51094,0.0093,0.0524,0.1126,0.029,0.0779,0.054,0.0117,0.0116,0.0409,0.0112,0.1021,0.0138,1.7006,5.5893,Control,Biomass,Control
3M51102,0.0209,0.0223,0.031,0.0271,0.0643,0.0194,0.0095,0.0061,0.0249,0.0093,0.1182,0.0097,1.3361,5.9135,Control,Biomass,Control
3M51112,0.011,0.1097,0.1659,0.0191,0.0394,0.027,0.0148,0.0087,0.0509,0.011,0.0361,0.0109,1.3779,4.7956,Intervention,LPG,Intervention
3M51114,0.022,0.0814,0.0745,0.0327,0.1462,0.1091,0.0103,0.0064,0.0655,0.0037,0.2246,0.0119,1.9696,9.586,Control,Biomass,Baseline
3M51125,0.0107,0.0386,0.0152,0.0149,0.0292,0.03,0.0087,0.0066,0.0184,0.0108,0.0306,0.061,0.8621,4.8065,Control,Biomass,Baseline
3M51129,0.0098,0.0888,0.1406,0.0475,0.3022,0.0427,0.0136,0.0097,0.0635,0.0108,0.8103,0.061,2.0177,24.9366,Control,Biomass,Control
3M51130,0.0081,0.0188,0.027,0.0347,0.049,0.0147,0.0077,0.006,0.0276,0.0037,0.0267,0.0101,1.6339,4.9953,Intervention,LPG,Intervention
3M51139,0.0063,0.0412,0.0706,0.0419,0.2248,0.0333,0.0108,0.009,0.0437,0.0037,0.3815,0.061,4.0779,6.9332,Control,Biomass,Baseline
3M51144,0.0136,0.0437,0.1394,0.037,0.058,0.0356,0.0147,0.011,0.0391,0.0037,0.0795,0.033,1.2491,5.2138,Control,Biomass,Control
3M51146,0.0106,0.0066,0.0149,0.0428,0.0948,0.0294,0.0074,0.0054,0.0134,0.0109,0.1053,0.0238,1.962,5.8342,Control,Biomass,Control
3M51164,0.0089,0.0496,0.0728,0.0301,0.1395,0.0402,0.0103,0.0069,0.0398,0.0037,0.176,0.0153,2.452,6.6175,Control,Biomass,Control
3M51187,0.0094,0.0418,0.0287,0.0206,0.0801,0.0273,0.0088,0.0066,0.0181,0.0037,0.1157,0.011,1.8752,16.6525,Intervention,Biomass,Baseline
3M51188,0.0082,0.0455,0.0333,0.013,0.026,0.0152,0.0132,0.0059,0.0183,0.0107,0.0347,0.0185,2.1338,4.6807,Intervention,LPG,Intervention
3M51198,0.0093,0.0483,0.0394,0.0161,0.0744,0.0254,0.0084,0.0106,0.0226,0.0037,0.139,0.0109,2.5545,5.349,Control,Biomass,Control
3M51199,0.0116,0.0256,0.0165,0.0231,0.0293,0.0114,0.006,0.0046,0.0098,0.0092,0.0269,0.0269,1.5939,4.7105,Intervention,LPG,Intervention
3M51202,0.013,0.0673,0.1116,0.0228,0.0312,0.0217,0.0126,0.0095,0.0536,0.0037,0.0447,0.0354,1.4011,4.7946,Intervention,LPG,Intervention
3M51253,0.0042,0.0076,0.0044,0.0203,0.2277,0.0102,0.0059,0.0059,0.0125,0.0081,0.4129,0.061,2.6805,7.5111,Control,Biomass,Control
3M51270,0.005,0.009,0.0062,0.0679,0.3825,0.0349,0.0132,0.0052,0.0099,0.0119,1.2758,0.061,1.5737,28.1609,Intervention,Biomass,Baseline
3M51273,0.0221,0.1082,0.1798,0.074,0.4429,0.0979,0.0174,0.0109,0.068,0.0037,0.681,0.013,1.1782,21.0016,Control,Biomass,Baseline
3M51278,0.0087,0.0145,0.0367,0.0609,0.5713,0.0366,0.0096,0.0085,0.0205,0.0088,1.3691,0.061,2.5042,31.96,Control,Biomass,Control
3M51280,0.0038,0.009,0.008,0.0112,0.024,0.0093,0.0132,0.0046,0.0073,0.0037,0.0176,0.061,1.1671,4.6832,Intervention,LPG,Intervention
3M51284,0.0083,0.0093,0.0104,0.016,0.0905,0.0192,0.0132,0.0044,0.0144,0.0037,0.1364,0.061,2.356,7.1342,Control,Biomass,Control
3M51291,0.0134,0.1117,0.1413,0.0228,0.1442,0.0943,0.0161,0.0114,0.075,0.0108,0.3036,0.061,1.4532,14.1454,Control,Biomass,Baseline
3M51307,0.0086,0.0291,0.0111,0.0244,0.0804,0.0223,0.0132,0.0046,0.0108,0.0037,0.1104,0.061,2.3724,6.1453,Control,Biomass,Control
3M51310,0.0144,0.0751,0.0691,0.0303,0.0745,0.0678,0.014,0.0054,0.0562,0.0099,0.1182,0.014,2.102,5.9229,Intervention,LPG,Intervention
3M51312,0.0045,0.0091,0.0309,0.0176,0.0195,0.017,0.0081,0.0061,0.0228,0.0037,0.0143,0.061,0.7363,4.6825,Intervention,LPG,Intervention
3M51314,0.0097,0.006,0.0121,0.0185,0.022,0.0535,0.0132,0.0046,0.0099,0.0037,0.0294,0.0094,1.0931,4.6819,Intervention,LPG,Intervention
3M51322,0.0151,0.1542,0.2435,0.0408,0.2925,0.0607,0.018,0.0082,0.0827,0.0125,0.5705,0.0136,2.5408,12.5549,Control,Biomass,Baseline
3M51328,0.0042,0.0064,0.0114,0.0213,0.0611,0.0102,0.0071,0.0043,0.0149,0.0037,0.0429,0.061,1.4253,5.3202,Control,Biomass,Control
3M51332,0.0228,0.1735,0.2999,0.0484,0.1594,0.0649,0.0135,0.0065,0.0769,0.0126,0.3131,0.013,2.1859,11.2199,Intervention,Biomass,Baseline
3M51338,0.0068,0.0419,0.0864,0.029,0.0519,0.0165,0.009,0.0056,0.0239,0.0082,0.0243,0.016,1.5985,4.9155,Intervention,LPG,Intervention
3M51353,0.0065,0.0393,0.0208,0.0335,0.024,0.0091,0.0132,0.0046,0.0145,0.0037,0.0123,0.0116,1.4473,4.7411,Intervention,LPG,Intervention
3M51356,0.0084,0.0625,0.0814,0.0494,0.3744,0.0233,0.0133,0.0062,0.0417,0.0104,0.8265,0.061,1.5862,16.773,Control,Biomass,Control
3M51359,0.0123,0.0421,0.0483,0.0492,0.0184,0.0333,0.0132,0.0046,0.0117,0.0037,0.0179,0.0143,0.9646,4.8828,Intervention,LPG,Intervention
3M51366,0.0075,0.0427,0.0591,0.0523,0.0295,0.0217,0.0107,0.005,0.0256,0.0101,0.0187,0.0147,1.0803,4.8369,Intervention,LPG,Intervention
3M51377,0.006,0.0159,0.018,0.0358,0.025,0.0078,0.0074,0.0037,0.0211,0.0037,0.012,0.0131,1.104,4.7338,Control,Biomass,Control
3M51385,0.009,0.1005,0.1192,0.0465,0.0515,0.025,0.0116,0.0067,0.0546,0.0098,0.0373,0.0165,1.4366,4.9711,Intervention,LPG,Intervention
3M51400,0.0054,0.0233,0.0483,0.0414,0.0343,0.0195,0.0072,0.0059,0.022,0.0092,0.0205,0.0127,1.4253,4.9405,Intervention,LPG,Intervention
3M51406,0.0069,0.0336,0.089,0.0477,0.0407,0.023,0.0102,0.0054,0.0274,0.0101,0.0174,0.0197,1.4135,4.7844,Intervention,LPG,Intervention
3M51408,0.0173,0.0737,0.1434,0.0602,0.1048,0.0627,0.0149,0.009,0.0563,0.0108,0.1545,0.0162,1.8595,14.9677,Control,Biomass,Control
3M51418,0.0137,0.0236,0.0541,0.0379,0.1173,0.0472,0.0096,0.0057,0.0227,0.0095,0.1691,0.0151,1.8437,5.845,Intervention,LPG,Intervention
3M51456,0.0131,0.0593,0.088,0.033,0.023,0.059,0.0127,0.0046,0.0286,0.0037,0.0408,0.0221,1.2041,4.8195,Control,Biomass,Control
3M51466,0.0107,0.0504,0.0605,0.0369,0.0773,0.0242,0.0073,0.0052,0.0178,0.0077,0.1504,0.0144,1.3328,7.9455,Control,Biomass,Baseline
3M51467,0.0079,0.009,0.0104,0.004,0.0024,0.006,0.0132,0.0046,0.0066,0.0086,0.0046,0.061,1.0963,5.2622,Intervention,LPG,Intervention
3M51469,0.0123,0.0498,0.0724,0.0313,0.0263,0.0155,0.0094,0.0046,0.0155,0.0037,0.0223,0.0244,0.4073,4.6802,Intervention,LPG,Intervention
3M51478,0.0119,0.0557,0.072,0.0416,0.0836,0.0213,0.0112,0.0052,0.0189,0.0106,0.1722,0.0186,1.6387,7.9455,Control,Biomass,Baseline
3M51486,0.0068,0.0571,0.0346,0.0153,0.0343,0.008,0.008,0.0046,0.0238,0.0037,0.0273,0.0106,1.911,4.8944,Intervention,LPG,Intervention
3M51500,0.0038,0.009,0.0145,0.015,0.0311,0.0204,0.0132,0.0061,0.0273,0.0037,0.028,0.0094,1.1811,4.7411,Control,Biomass,Control
3M51510,0.0071,0.0741,0.1007,0.0823,0.0511,0.0131,0.0144,0.0059,0.054,0.0037,0.0161,0.0165,0.8793,4.9442,Intervention,LPG,Intervention
3M51532,0.0139,0.0545,0.1731,0.0902,0.0754,0.0982,0.0163,0.005,0.0442,0.0124,0.042,0.0286,1.0852,5.0847,Intervention,LPG,Intervention
3M51551,0.0128,0.0887,0.1646,0.0528,0.0457,0.0279,0.0139,0.011,0.0753,0.0092,0.0211,0.0329,0.6766,5.4102,Intervention,LPG,Intervention
3M51600,0.0166,0.0837,0.2179,0.0384,0.1039,0.0514,0.0149,0.0098,0.0445,0.0037,0.0948,0.0376,1.3435,6.0788,Control,Biomass,Baseline
3M51612,0.032,0.0405,0.0253,0.0247,0.0802,0.0381,0.0132,0.0052,0.0255,0.0037,0.0765,0.0163,1.2294,5.6255,Control,Biomass,Baseline
3M51617,0.0118,0.0883,0.1098,0.0312,0.0932,0.0257,0.0126,0.0106,0.0479,0.0037,0.0813,0.0215,1.4749,7.028,Control,Biomass,Baseline
3M51618,0.0181,0.0438,0.0348,0.039,0.1655,0.0399,0.008,0.0076,0.0233,0.0103,0.2214,0.0182,1.8033,7.6914,Control,Biomass,Control
3M51632,0.0145,0.0565,0.1246,0.0369,0.059,0.0222,0.0132,0.0058,0.0206,0.0099,0.0257,0.0254,1.5202,4.9662,Intervention,LPG,Intervention
3M51658,0.013,0.0566,0.0476,0.0207,0.0405,0.0353,0.0097,0.0059,0.0316,0.0037,0.067,0.0154,1.5548,5.3558,Intervention,Biomass,Baseline
3M51661,0.0092,0.0478,0.0862,0.0192,0.0467,0.0193,0.0132,0.0045,0.0337,0.0037,0.0565,0.0226,1.3648,5.5468,Control,Biomass,Control
3M51662,0.0104,0.0189,0.0488,0.0586,0.1527,0.0258,0.0132,0.0048,0.0206,0.0084,0.0897,0.0296,1.792,5.5508,Intervention,LPG,Intervention
3M51665,0.009,0.0432,0.082,0.08,0.4052,0.0364,0.0107,0.007,0.0259,0.0125,0.2687,0.012,1.9265,39.2894,Intervention,Biomass,Baseline
3M51672,0.0086,0.0068,0.0109,0.0411,0.0781,0.0233,0.0063,0.005,0.0169,0.0097,0.081,0.0221,1.3165,5.5848,Control,Biomass,Control
3M51678,0.0059,0.0188,0.0273,0.0524,0.4742,0.0171,0.0099,0.0046,0.0221,0.011,1.1341,0.061,1.376,33.0718,Intervention,Biomass,Baseline
3M51684,0.0182,0.126,0.2306,0.0479,0.3934,0.0769,0.0182,0.0093,0.0607,0.0037,1.0633,0.0178,1.4193,13.7617,Control,Biomass,Control
3M51685,0.0133,0.0523,0.0805,0.0316,0.0549,0.041,0.0134,0.0077,0.0322,0.028,0.058,0.0308,1.0527,6.5872,Control,Biomass,Baseline
3M51688,0.014,0.0687,0.0643,0.0287,0.024,0.0304,0.0109,0.0075,0.0327,0.0037,0.0182,0.0327,0.4548,4.7666,Intervention,LPG,Intervention
3M51689,0.0225,0.1636,0.2288,0.0359,0.1212,0.0739,0.022,0.0087,0.10780000000000001,0.0037,0.2059,0.0309,1.2428,6.9793,Intervention,LPG,Intervention
3M51690,0.0067,0.038,0.0125,0.0197,0.0181,0.0078,0.0132,0.0047,0.0148,0.0037,0.0122,0.0128,0.5906,4.8387,Intervention,LPG,Intervention
3M51691,0.0092,0.0545,0.103,0.0372,0.0509,0.0336,0.0126,0.0073,0.05,0.009,0.0222,0.0215,0.8913,4.9741,Intervention,LPG,Intervention
3M51694,0.005,0.0094,0.0211,0.0212,0.0222,0.0085,0.0132,0.0046,0.0183,0.0037,0.0127,0.0175,0.5401,4.7473,Intervention,LPG,Intervention
3M51695,0.0064,0.028,0.0351,0.0217,0.0161,0.0092,0.0091,0.0072,0.0282,0.0094,0.0115,0.0224,0.3919,4.7654,Intervention,LPG,Intervention
3M51698,0.0123,0.0459,0.1298,0.0464,0.1221,0.0354,0.0125,0.0056,0.0448,0.0085,0.0841,0.0276,1.6352,6.6095,Control,Biomass,Control
3M51705,0.0111,0.1357,0.2227,0.0358,0.1835,0.0308,0.0167,0.0129,0.0863,0.0102,0.2783,0.0229,1.4856,13.6301,Control,Biomass,Baseline
3M51711,0.0078,0.0239,0.0325,0.0323,0.0366,0.0115,0.0085,0.0074,0.0234,0.0037,0.0199,0.0248,1.1288,4.9798,Intervention,Biomass,Baseline
3M51728,0.0108,0.0536,0.1144,0.0547,0.2133,0.0294,0.0124,0.0046,0.0339,0.011,0.2857,0.0133,1.8285,11.7097,Control,Biomass,Control
3M51743,0.008,0.0592,0.0546,0.0344,0.0842,0.0134,0.01,0.0046,0.027,0.0096,0.14,0.0125,1.1775,7.1999,Control,Biomass,Control
3M51747,0.012,0.0398,0.0741,0.0335,0.0627,0.0337,0.0077,0.0034,0.0148,0.0037,0.0526,0.0156,1.4387,6.0051,Control,Biomass,Control
3M51751,0.0155,0.0636,0.1857,0.0853,0.0868,0.0907,0.0093,0.0058,0.0318,0.0037,0.0652,0.0164,1.5714,7.308,Intervention,Biomass,Baseline
3M51757,0.0105,0.1175,0.1787,0.0329,0.0508,0.0212,0.0155,0.0112,0.0651,0.0037,0.0282,0.0142,1.8175,5.2084,Intervention,LPG,Intervention
3M51767,0.0073,0.0351,0.0489,0.0323,0.112,0.0153,0.0099,0.0057,0.0222,0.0096,0.1734,0.0149,2.226,5.3669,Intervention,LPG,Intervention
3M51769,0.0054,0.0125,0.0242,0.0804,0.1032,0.0165,0.0074,0.0046,0.0215,0.0037,0.0692,0.0103,2.374,5.6442,Intervention,Biomass,Baseline
3M51775,0.0127,0.0292,0.0994,0.163,0.7879,0.0499,0.0094,0.0043,0.0215,0.0037,0.7715,0.0169,2.4316,17.3324,Intervention,Biomass,Baseline
3M51778,0.0047,0.0086,0.0087,0.0741,0.0577,0.0124,0.0132,0.0052,0.0155,0.0037,0.0222,0.0096,1.8149,5.6526,Control,Biomass,Control
3M51780,0.0249,0.2133,0.331,0.0897,0.091,0.0799,0.0209,0.0085,0.1137,0.0084,0.0887,0.0226,2.2074,5.5939,Control,Biomass,Baseline
3M51781,0.0141,0.0639,0.0945,0.085,0.0382,0.0558,0.0111,0.0068,0.0475,0.0105,0.0191,0.015,1.5754,4.9989,Intervention,LPG,Intervention
3M51782,0.0095,0.0672,0.0954,0.0243,0.03,0.0136,0.0115,0.0077,0.0321,0.0037,0.0207,0.0165,0.9537,4.7673,Intervention,LPG,Intervention
3M51789,0.0084,0.0576,0.0625,0.0266,0.0286,0.01,0.0132,0.0052,0.0276,0.0037,0.0275,0.0116,2.19,6.45,Control,Biomass,Control
3M51790,0.0088,0.0547,0.0382,0.0315,0.0873,0.014,0.0132,0.0046,0.021,0.009,0.0852,0.0099,3.8903,6.5352,Control,Biomass,Baseline
3M51796,0.0113,0.1077,0.1928,0.0258,0.0376,0.0289,0.0156,0.007,0.0655,0.0037,0.0386,0.0225,1.4947,5.0929,Intervention,Biomass,Baseline
3M51811,0.0328,0.1661,0.3069,0.0491,0.2523,0.1209,0.0216,0.0135,0.1252,0.0093,0.4195,0.025,1.5681,13.5716,Intervention,Biomass,Baseline
3M51813,0.009,0.0507,0.1128,0.0505,0.3582,0.0181,0.0098,0.0064,0.0289,0.0118,0.8425,0.0151,1.916,8.461,Control,Biomass,Baseline
3M51814,0.0206,0.1002,0.162,0.0338,0.0556,0.0693,0.0182,0.0107,0.0786,0.0037,0.0721,0.0197,0.9772,5.5531,Control,Biomass,Control
3M51816,0.0137,0.144,0.2255,0.0356,0.0934,0.0512,0.0182,0.0069,0.0707,0.009,0.1235,0.0152,1.0947,7.8795,Control,Biomass,Baseline
3M51837,0.006,0.0201,0.0358,0.033,0.0662,0.012,0.0132,0.0046,0.0136,0.0037,0.0462,0.0105,1.5804,6.0537,Control,Biomass,Control
3M51839,0.0264,0.0752,0.1549,0.0289,0.0471,0.0575,0.0117,0.0081,0.027,0.0105,0.0454,0.0195,0.8779,5.3992000000000004,Control,Biomass,Baseline
3M51851,0.0089,0.0437,0.0242,0.0287,0.0265,0.0142,0.0132,0.0046,0.0138,0.0095,0.0199,0.0147,1.2863,5.9573,Control,Biomass,Baseline
3M51855,0.0113,0.0563,0.0805,0.0332,0.0507,0.0283,0.0092,0.005,0.0217,0.0037,0.0276,0.0185,1.8967,5.6469,Control,Biomass,Control
3M51859,0.0069,0.0222,0.0233,0.0352,0.186,0.0202,0.0132,0.0046,0.014,0.0106,0.4533,0.0131,2.1917,18.8897,Control,Biomass,Control
3M51861,0.0092,0.0919,0.1407,0.0299,0.0477,0.0214,0.0128,0.0068,0.0492,0.009,0.0275,0.0164,1.5322,5.0347,Intervention,LPG,Intervention
3M51873,0.0127,0.0515,0.0737,0.0731,0.1107,0.0459,0.0109,0.0075,0.0447,0.0099,0.0429,0.0252,1.9507,6.0022,Control,Biomass,Control
3M51874,0.0135,0.1297,0.2006,0.0584,0.0618,0.0891,0.0203,0.0086,0.10780000000000001,0.0037,0.0253,0.0267,0.7236,5.1593,Intervention,LPG,Intervention
3M51881,0.0435,0.0375,0.1034,0.067,0.1133,0.0917,0.0138,0.0099,0.0353,0.0037,0.0823,0.024,1.3066,8.2084,Control,Biomass,Control
3M51895,0.0064,0.009,0.0056,0.0801,0.1096,0.0151,0.0132,0.0032,0.0119,0.0037,0.0668,0.014,1.4872,10.9417,Intervention,Biomass,Baseline
3M51909,0.0095,0.049,0.1227,0.0795,0.1629,0.0358,0.0094,0.0081,0.0294,0.0037,0.0686,0.0129,3.0221,6.2572,Control,Biomass,Control
3M51914,0.0062,0.0322,0.0442,0.0681,0.042,0.0207,0.0075,0.005,0.0234,0.0037,0.0141,0.0103,1.3401,5.0684,Intervention,LPG,Intervention
3M51915,0.0069,0.061,0.0457,0.0755,0.0682,0.0159,0.0076,0.0046,0.0263,0.0088,0.0194,0.0111,3.951,5.2201,Control,Biomass,Control
3M51916,0.0075,0.0331,0.019,0.0965,0.0748,0.0109,0.0132,0.0046,0.02,0.0103,0.0167,0.016,1.7849,5.3992000000000004,Control,Biomass,Baseline
3M51924,0.013,0.0671,0.0997,0.0909,0.1706,0.0336,0.0101,0.0056,0.0264,0.0128,0.1268,0.0195,1.9778,11.0992,Control,Biomass,Baseline
3M51926,0.0059,0.0356,0.0643,0.0776,0.0226,0.0159,0.0102,0.0071,0.0375,0.0095,0.0115,0.0145,1.3172,4.7567,Intervention,LPG,Intervention
3M51928,0.0158,0.03,0.0409,0.0978,0.1684,0.0264,0.0094,0.0071,0.0272,0.0088,0.0805,0.0165,1.9749,5.806,Control,Biomass,Control
3M51929,0.0077,0.035,0.0719,0.0902,0.1152,0.0264,0.0124,0.0067,0.0369,0.0088,0.1125,0.0129,2.1367,8.9811,Intervention,Biomass,Baseline
3M51931,0.01,0.0346,0.0754,0.091,0.0688,0.0296,0.0089,0.0055,0.0333,0.0088,0.0297,0.0151,2.0666,6.2913,Intervention,Biomass,Baseline
3M51933,0.005,0.0105,0.0114,0.0905,0.036,0.0078,0.0132,0.0046,0.0183,0.0082,0.0046,0.0136,1.1322,4.8214,Intervention,LPG,Intervention
3M51937,0.0141,0.0611,0.0682,0.1045,0.071,0.034,0.0144,0.0063,0.0446,0.0101,0.0282,0.0261,1.9365,6.0043,Control,Biomass,Control
3M51942,0.0086,0.0437,0.0357,0.0949,0.0981,0.0166,0.0089,0.0065,0.0246,0.0037,0.0652,0.014,3.0428,9.7149,Control,Biomass,Baseline
3M51950,0.0128,0.0604,0.075,0.1176,0.0444,0.0148,0.0132,0.0046,0.0226,0.0037,0.0157,0.0264,1.337,5.3846,Control,Biomass,Baseline
3M51953,0.0115,0.0504,0.0362,0.113,0.0527,0.0183,0.017,0.0097,0.03,0.0037,0.0187,0.0285,1.363,5.2489,Intervention,LPG,Intervention
3M51957,0.0133,0.0572,0.079,0.1172,0.0451,0.0312,0.0178,0.0104,0.0388,0.0037,0.0172,0.029,1.5201,5.1525,Intervention,LPG,Intervention
3M51966,0.029,0.0954,0.1282,0.0575,0.2908,0.0707,0.0191,0.0158,0.0647,0.0201,0.4911,0.0193,2.2415,9.9427,Control,Biomass,Baseline
3M51967,0.0082,0.034,0.0302,0.0587,0.2868,0.0222,0.018,0.0114,0.0268,0.0176,0.5575,0.0124,1.772,13.7466,Control,Biomass,Baseline
3M51976,0.0095,0.0778,0.0614,0.1097,0.0592,0.0242,0.0193,0.0101,0.0577,0.0185,0.0246,0.0153,1.8777,5.652,Intervention,LPG,Intervention
3M51977,0.012,0.0595,0.099,0.1165,0.1041,0.0167,0.0152,0.0046,0.0272,0.0037,0.0262,0.024,1.7564,6.2286,Control,Biomass,Control
3M51985,0.0059,0.027,0.0166,0.1026,0.0533,0.0082,0.0132,0.0083,0.0146,0.0037,0.0164,0.013,1.1108,5.1483,Intervention,LPG,Intervention
3M51995,0.0094,0.0467,0.066,0.1146,0.1739,0.0216,0.0168,0.0105,0.0308,0.0037,0.1154,0.0172,2.0331,13.0405,Control,Biomass,Control
3M51996,0.038,0.1159,0.3285,0.1173,0.143,0.1902,0.0218,0.0131,0.0655,0.0202,0.0518,0.0368,1.5907,6.6017,Control,Biomass,Control
3M52002,0.0149,0.077,0.0994,0.1169,0.1072,0.0707,0.0151,0.0118,0.0496,0.0171,0.0694,0.0205,1.6982,8.0584,Intervention,Biomass,Baseline
3M52016,0.015,0.0529,0.0661,0.1445,0.2562,0.0443,0.0181,0.013,0.035,0.0183,0.226,0.0153,1.2506,17.2707,Control,Biomass,Baseline
3M52022,0.0146,0.1003,0.1517,0.0449,0.1487,0.0469,0.0196,0.0127,0.0528,0.0201,0.1522,0.0204,3.9519,9.0258,Control,Biomass,Control
3M52023,0.008,0.0432,0.0385,0.0379,0.0283,0.0143,0.0155,0.0046,0.0211,0.0172,0.0143,0.0154,3.4923,4.7304,Intervention,LPG,Intervention
3M52026,0.0107,0.0496,0.0513,0.0511,0.0903,0.0704,0.0157,0.0091,0.0265,0.022,0.1543,0.0157,2.0906,7.8498,Control,Biomass,Control
3M52031,0.0114,0.0677,0.1,0.043,0.0362,0.0219,0.0114,0.0062,0.0362,0.0037,0.0181,0.0289,0.9022,4.7304,Intervention,LPG,Intervention
3M52035,0.0126,0.0558,0.0767,0.0445,0.0859,0.0329,0.0171,0.0103,0.033,0.0221,0.1426,0.0172,2.0981,11.3099,Control,Biomass,Control
3M52045,0.0105,0.0644,0.0783,0.0426,0.1418,0.0217,0.0147,0.0086,0.0324,0.0172,0.3253,0.0202,2.6751,14.0316,Intervention,Biomass,Baseline
3M52049,0.0136,0.0711,0.0936,0.0395,0.0387,0.0309,0.0156,0.0105,0.0471,0.0037,0.0171,0.0329,1.5898,4.9012,Intervention,LPG,Intervention
3M52050,0.014,0.0569,0.0451,0.0524,0.0614,0.037,0.0151,0.0136,0.0291,0.0184,0.0261,0.015,2.1354,5.3045,Control,Biomass,Control
3M52051,0.0165,0.0893,0.1017,0.0414,0.0392,0.0138,0.0164,0.0118,0.0492,0.0183,0.0187,0.0324,1.3922,4.8571,Intervention,LPG,Intervention
3M52064,0.0153,0.1038,0.1302,0.0649,0.078,0.034,0.0177,0.0113,0.0429,0.0183,0.1044,0.0251,2.3896,10.5357,Intervention,Biomass,Baseline
3M52067,0.0094,0.0276,0.0246,0.051,0.047,0.0114,0.0132,0.0046,0.0169,0.0037,0.0192,0.0233,1.5505,6.4735,Control,Biomass,Control
3M52069,0.0119,0.0381,0.0627,0.0426,0.028,0.0541,0.0167,0.0046,0.0211,0.0177,0.0152,0.0208,1.2134,4.8889,Intervention,LPG,Intervention
3M52077,0.0155,0.0551,0.0773,0.0628,0.1252,0.0351,0.0165,0.01,0.0364,0.0159,0.1122,0.017,4.1712,7.0863,Control,Biomass,Control
3M52083,0.0089,0.0419,0.0777,0.048,0.0534,0.0168,0.0132,0.0106,0.0194,0.0201,0.0155,0.0154,2.5624,7.1417,Intervention,LPG,Intervention
3M52084,0.0085,0.0421,0.0289,0.0606,0.1509,0.012,0.0147,0.009,0.0165,0.0207,0.1086,0.0151,2.9591,8.0547,Control,Biomass,Control
3M52086,0.0089,0.0265,0.0102,0.0558,0.0857,0.0219,0.015,0.01,0.0168,0.0037,0.0197,0.0138,3.415,5.4591,Control,Biomass,Control
3M52091,0.0186,0.0841,0.0923,0.0766,0.2731,0.0855,0.0165,0.0109,0.0619,0.0183,0.3413,0.0152,4.2511,10.7993,Control,Biomass,Control
3M52115,0.0276,0.1825,0.2953,0.1038,0.1977,0.1188,0.0256,0.0126,0.0981,0.0037,0.2868,0.0297,2.9003,12.8339,Control,Biomass,Baseline
3M52119,0.0094,0.0514,0.0392,0.0674,0.0387,0.0248,0.0154,0.0126,0.0303,0.0037,0.0183,0.012,0.5107,4.8369,Intervention,LPG,Intervention
3M52120,0.0089,0.0332,0.0225,0.0765,0.1196,0.0181,0.0161,0.0108,0.0296,0.0037,0.1083,0.0102,1.3746,7.2819,Control,Biomass,Control
3M52125,0.0214,0.0446,0.0475,0.0763,0.1858,0.0748,0.0168,0.0107,0.0291,0.0037,0.1849,0.0141,2.2899,13.7671,Control,Biomass,Control
3M52127,0.0103,0.0337,0.029,0.0733,0.0852,0.0179,0.0191,0.0046,0.02,0.0037,0.0219,0.0132,1.8715,5.0771,Control,Biomass,Control
3M52138,0.0069,0.0323,0.0048,0.0708,0.1026,0.0108,0.0132,0.0086,0.0107,0.0184,0.127,0.061,1.8206,10.2335,Control,Biomass,Control
3M52143,0.0166,0.0671,0.1158,0.1115,0.0663,0.0347,0.0132,0.0046,0.0275,0.0222,0.0198,0.0211,1.4621,5.5384,Intervention,LPG,Intervention
3M52146,0.0102,0.0794,0.0798,0.0655,0.0355,0.0204,0.0185,0.0108,0.0415,0.0201,0.0162,0.0157,1,5.1051,Control,Biomass,Baseline
3M52166,0.0057,0.0159,0.0104,0.0483,0.067,0.0086,0.0132,0.0071,0.0123,0.0037,0.03,0.012,1.4096,6.9253,Control,Biomass,Control
3M52171,0.0103,0.0584,0.0671,0.0722,0.048,0.0244,0.0132,0.0086,0.0335,0.0202,0.0177,0.019,2.4696,5.1036,Intervention,LPG,Intervention
3M52173,0.0121,0.0344,0.0393,0.083,0.0856,0.0229,0.017,0.0099,0.0198,0.0201,0.0314,0.0225,1.4484,7.0697,Intervention,Biomass,Baseline
3M52184,0.0058,0.0347,0.0282,0.024,0.0169,0.0107,0.0132,0.0094,0.021,0.0037,0.0101,0.011,0.6603,7.1147,Control,Biomass,Control
3M52185,0.0081,0.038,0.037,0.0442,0.0524,0.0165,0.0152,0.0098,0.0251,0.0037,0.0291,0.0148,1.7081,5.5877,Intervention,Biomass,Baseline
3M52189,0.0078,0.0632,0.0566,0.0803,0.0352,0.0099,0.0159,0.0098,0.0298,0.0202,0.0153,0.019,0.8643,4.7965,Intervention,LPG,Intervention
3M52193,0.0061,0.0291,0.01,0.026,0.0186,0.009,0.0138,0.0081,0.0189,0.0037,0.0099,0.0105,0.6986,4.6815,Intervention,LPG,Intervention
3M52204,0.0065,0.0317,0.0213,0.0473,0.0408,0.0131,0.0132,0.0087,0.0201,0.0037,0.02,0.0138,2.4117,5.0957,Intervention,LPG,Intervention
3M52209,0.0116,0.1329,0.2116,0.0761,0.2235,0.0263,0.0211,0.0136,0.0676,0.0202,0.4058,0.0138,1.9935,11.7328,Control,Biomass,Control
3M52210,0.0061,0.0217,0.0104,0.0823,0.0248,0.0067,0.0132,0.0088,0.014,0.0037,0.0138,0.0114,1.7817,4.8363,Intervention,Biomass,Baseline
3M52212,0.0095,0.038,0.066,0.0814,0.048,0.0159,0.0132,0.0073,0.0186,0.0202,0.0129,0.0216,0.842,4.7763,Intervention,LPG,Intervention
3M52216,0.009,0.0736,0.1169,0.0682,0.0286,0.0179,0.017,0.0107,0.0489,0.0037,0.0146,0.0142,1.3639,4.8728,Intervention,LPG,Intervention
3M52224,0.0093,0.0392,0.0558,0.0799,0.1253,0.0191,0.0175,0.0089,0.0253,0.0183,0.0475,0.0159,6.2285,6.8875,Control,Biomass,Baseline
3M52229,0.012,0.0343,0.0325,0.0668,0.0787,0.0217,0.0172,0.0103,0.0187,0.0178,0.0257,0.0179,1.6573,5.6374,Control,Biomass,Control
3M52236,0.0177,0.1107,0.1495,0.0637,0.0528,0.0429,0.0208,0.0137,0.078,0.0037,0.0221,0.0251,4.1914,5.0246,Intervention,LPG,Intervention
3M52242,0.0073,0.0168,0.0058,0.0287,0.0589,0.0093,0.0132,0.0046,0.0118,0.0037,0.0179,0.0175,2.6162,4.8742,Intervention,LPG,Intervention
3M52264,0.0085,0.0522,0.051,0.0215,0.0229,0.0235,0.0143,0.0046,0.0327,0.0037,0.0141,0.0158,0.6661,4.7509,Intervention,LPG,Intervention
3M52265,0.0115,0.0484,0.0795,0.0353,0.0511,0.0205,0.013,0.0084,0.0233,0.0037,0.0158,0.0222,3.3248,5.9964,Intervention,LPG,Intervention
3M52272,0.0084,0.031,0.0248,0.033,0.1037,0.0121,0.0159,0.0091,0.0164,0.0183,0.0386,0.0137,1.6362,5.0146,Intervention,LPG,Intervention
3M52274,0.0046,0.009,0.0104,0.0302,0.0858,0.0098,0.0132,0.0046,0.0074,0.0086,0.0235,0.0104,1.6747,5.0146,Intervention,LPG,Intervention
3M52282,0.0064,0.0344,0.0216,0.0349,0.0223,0.0098,0.0131,0.0046,0.0172,0.0184,0.0124,0.011,0.618,4.7308,Intervention,LPG,Intervention
3M52283,0.0072,0.0275,0.0128,0.0427,0.0458,0.0128,0.0132,0.0046,0.0197,0.0037,0.0151,0.0141,1.2996,4.9572,Intervention,LPG,Intervention
3M52287,0.0131,0.0134,0.0104,0.0418,0.2405,0.0199,0.0132,0.0098,0.0101,0.0185,0.1353,0.0108,1.764,8.2955,Control,Biomass,Control
3M52299,0.0076,0.0378,0.0197,0.0453,0.1272,0.0116,0.0146,0.0083,0.0199,0.0184,0.2072,0.0128,1.3525,8.7841,Intervention,Biomass,Baseline
3M52307,0.0079,0.0568,0.0243,0.0065,0.0228,0.0172,0.0142,0.0095,0.02,0.0177,0.0235,0.061,2.1905,4.8209,Control,Biomass,Control
3M52329,0.0175,0.1514,0.1916,0.0153,0.0489,0.0396,0.0216,0.0141,0.0937,0.0174,0.0666,0.0212,1.4883,4.9935,Intervention,LPG,Intervention
3M52332,0.0068,0.0545,0.0292,0.0125,0.053,0.0079,0.0132,0.0084,0.0249,0.0037,0.0328,0.0105,0.6348,4.6816,Intervention,LPG,Intervention
3M52346,0.0069,0.0584,0.0431,0.0124,0.0238,0.0142,0.0128,0.0081,0.0224,0.018,0.0119,0.0097,1.1535,4.7101,Intervention,LPG,Intervention
3M52350,0.0155,0.0489,0.0363,0.0256,0.0252,0.0415,0.0113,0.0078,0.0148,0.0155,0.0209,0.0099,1.273,4.6812,Control,Biomass,Control
3M52360,0.0069,0.0732,0.0661,0.0177,0.0216,0.0106,0.0165,0.0088,0.0368,0.0037,0.0149,0.0091,1.5978,4.7325,Intervention,LPG,Intervention
3M52377,0.0041,0.0172,0.0104,0.0072,0.013,0.0057,0.0132,0.0086,0.0089,0.0181,0.0124,0.061,0.5131,4.7335,Intervention,LPG,Intervention
3M52378,0.0056,0.0484,0.0259,0.0171,0.0178,0.0154,0.0167,0.0117,0.0207,0.0037,0.0154,0.061,2.5609,4.7658,Control,Biomass,Control
3M52388,0.005,0.0337,0.0039,0.018,0.0162,0.0081,0.0132,0.0046,0.011,0.0175,0.0145,0.061,5.0922,5.0036,Control,Biomass,Control
3M52391,0.0095,0.0605,0.0386,0.0191,0.0252,0.0188,0.0165,0.0092,0.018,0.0169,0.0326,0.0097,1.8921,4.6866,Intervention,LPG,Intervention
3M52404,0.0128,0.0645,0.0654,0.0384,0.2866,0.0341,0.0152,0.0092,0.0278,0.018,0.5864,0.061,2.2612,16.346,Intervention,Biomass,Baseline
3M52413,0.0139,0.0577,0.0934,0.0491,0.135,0.0621,0.0128,0.0096,0.0339,0.0116,0.2382,0.061,2.7064,12.4397,Intervention,Biomass,Baseline
3M52414,0.01,0.0646,0.0582,0.0506,0.0261,0.0312,0.0107,0.0063,0.0357,0.0122,0.0149,0.011,1.1295,4.6848,Intervention,LPG,Intervention
3M52415,0.005,0.0284,0.0037,0.0245,0.0153,0.0058,0.0132,0.0046,0.0109,0.0079,0.0108,0.061,0.8022,4.6895,Intervention,LPG,Intervention
3M52417,0.0062,0.0176,0.0544,0.025,0.0524,0.0187,0.0073,0.0046,0.0145,0.0037,0.0183,0.0102,4.7593,4.7729,Intervention,LPG,Intervention
3M52421,0.0068,0.0311,0.0197,0.0383,0.0542,0.0162,0.0069,0.0046,0.0192,0.008,0.0362,0.061,1.9689,5.4922,Control,Biomass,Control
3M52422,0.0054,0.0166,0.0406,0.0654,0.0561,0.0137,0.01,0.0072,0.0223,0.0081,0.0229,0.0149,1.5122,5.2526,Control,Biomass,Control
3M52427,0.0231,0.0755,0.1503,0.0549,0.2716,0.108,0.0191,0.0103,0.0518,0.0108,0.3848,0.02,2.0897,8.5448,Control,Biomass,Baseline
3M52433,0.0096,0.0087,0.0091,0.0623,0.067,0.0391,0.0062,0.0034,0.0169,0.0091,0.0439,0.011,2.4149,5.5384,Control,Biomass,Control
3M52434,0.0088,0.0233,0.0317,0.0557,0.0653,0.0512,0.0123,0.005,0.0349,0.008,0.1043,0.0103,1.7493,7.3905,Control,Biomass,Control
3M52452,0.0082,0.0318,0.0252,0.0213,0.0518,0.0133,0.0066,0.0052,0.0133,0.008,0.0408,0.0145,2.0908,6.6496,Control,Biomass,Control
3M52457,0.0073,0.0401,0.0096,0.0681,0.0485,0.0123,0.0132,0.0098,0.0157,0.0201,0.0231,0.061,2.5503,5.8674,Intervention,LPG,Intervention
3M52466,0.008,0.0297,0.0104,0.0093,0.0832,0.0097,0.0132,0.0046,0.0117,0.0183,0.0578,0.061,1.4122,5.3922,Control,Biomass,Control
3M52467,0.0127,0.0443,0.035,0.0309,0.1781,0.0207,0.0166,0.01,0.0218,0.0037,0.2778,0.0136,1.4893,10.8968,Intervention,Biomass,Baseline
3M52468,0.0133,0.0502,0.0434,0.0328,0.1954,0.0355,0.014,0.0088,0.0217,0.0187,0.3325,0.0129,2.2087,16.3088,Control,Biomass,Baseline
3M52475,0.0143,0.0527,0.058,0.0397,0.1676,0.0434,0.0158,0.0108,0.0291,0.0203,0.2431,0.061,2.8129,10.0974,Control,Biomass,Control
3M52477,0.0179,0.1313,0.1939,0.0276,0.0742,0.0791,0.0237,0.0046,0.0711,0.0219,0.106,0.0218,1.5935,6.5673,Intervention,LPG,Intervention
3M52482,0.007,0.0451,0.01,0.0173,0.0215,0.0069,0.012,0.0046,0.015,0.0037,0.01,0.01,1.1722,4.6824,Intervention,LPG,Intervention
3M52488,0.0083,0.0387,0.0104,0.0187,0.0158,0.0065,0.0132,0.0046,0.0097,0.0037,0.0091,0.0136,0.5638,4.6803,Intervention,LPG,Intervention
3M52490,0.0077,0.0359,0.0052,0.0156,0.0105,0.0061,0.0132,0.0046,0.0144,0.0205,0.0095,0.0117,2.7606,4.6886,Intervention,LPG,Intervention
3M52495,0.0095,0.0436,0.0326,0.012,0.0434,0.0185,0.0137,0.0098,0.0196,0.0037,0.0277,0.061,2.4291,4.8436,Control,Biomass,Baseline
3M52502,0.0065,0.0104,0.0357,0.0284,0.1598,0.0169,0.0132,0.0046,0.0146,0.0095,0.1927,0.0114,1.7804,5.1976,Intervention,LPG,Intervention
3M52509,0.011,0.0576,0.0524,0.0135,0.0391,0.024,0.0132,0.0046,0.0202,0.0183,0.0785,0.0134,2.0551,4.9045,Intervention,LPG,Intervention
3M52510,0.0135,0.1215,0.1335,0.0249,0.0248,0.0214,0.0175,0.0101,0.054,0.0037,0.0322,0.0253,1.7749,4.8231,Intervention,LPG,Intervention
3M52518,0.0127,0.072,0.0554,0.0151,0.0237,0.0228,0.016,0.0092,0.0284,0.0037,0.0253,0.0121,1.4038,4.7937,Intervention,LPG,Intervention
3M52527,0.0083,0.0475,0.0317,0.0213,0.0281,0.0124,0.0132,0.0046,0.0185,0.0037,0.0096,0.0105,3.3272,4.7367,Intervention,LPG,Intervention
3M52533,0.0106,0.0387,0.0203,0.0244,0.0307,0.0196,0.0132,0.0104,0.0149,0.0183,0.0165,0.0104,1.3106,4.8237,Control,Biomass,Baseline
3M52540,0.0077,0.0418,0.0172,0.0233,0.0296,0.01,0.0162,0.0046,0.0168,0.0037,0.0215,0.0097,1.9429,4.9765,Intervention,LPG,Intervention
3M52542,0.0093,0.0589,0.0324,0.0226,0.0249,0.016,0.0128,0.0046,0.0249,0.0177,0.0152,0.0102,2.0881,4.7227,Control,Biomass,Control
3M52543,0.0154,0.0816,0.0687,0.0233,0.0504,0.0483,0.0188,0.0046,0.0334,0.0037,0.0489,0.0143,1.114,4.7909,Intervention,LPG,Intervention
3M52547,0.0109,0.0561,0.0499,0.0215,0.0369,0.0184,0.0132,0.0087,0.0194,0.0037,0.0373,0.0179,2.391,4.9682,Intervention,LPG,Intervention
3M52561,0.0105,0.0475,0.0181,0.0219,0.0264,0.0076,0.0146,0.0046,0.0173,0.0037,0.0155,0.0202,1.0866,4.7222,Intervention,LPG,Intervention
3M52590,0.0151,0.0505,0.041,0.0256,0.0595,0.0166,0.0132,0.0046,0.0208,0.018,0.0543,0.0235,1.7066,5.0246,Control,Biomass,Control
3M52596,0.0193,0.0614,0.0977,0.0122,0.0371,0.0968,0.0161,0.0098,0.0288,0.0201,0.0452,0.0158,1.7793,4.9382,Control,Biomass,Control
3M52601,0.0075,0.0399,0.0129,0.0058,0.0151,0.0327,0.0134,0.0046,0.0148,0.0037,0.0183,0.0101,0.581,4.6818,Intervention,LPG,Intervention
3M52616,0.0154,0.1232,0.1409,0.009,0.0333,0.0348,0.0211,0.0155,0.0778,0.0037,0.0551,0.0184,1.6568,4.7941,Intervention,LPG,Intervention
3M52623,0.0103,0.0541,0.062,0.0204,0.1061,0.0348,0.0185,0.0102,0.0237,0.0037,0.1569,0.0106,2.2666,7.275,Control,Biomass,Control
3M52627,0.0193,0.1074,0.1483,0.0127,0.0227,0.0184,0.0194,0.01,0.0449,0.0185,0.0338,0.0207,1.4169,4.7352,Intervention,LPG,Intervention
3M52628,0.0204,0.089,0.1181,0.0197,0.1223,0.0531,0.0173,0.0102,0.0497,0.0183,0.2019,0.0151,3.0316,10.4764,Control,Biomass,Control
3M52630,0.0137,0.0723,0.0918,0.0272,0.1575,0.017,0.0174,0.0088,0.0344,0.0163,0.2712,0.0143,2.4712,10.6816,Control,Biomass,Control
3M52631,0.0206,0.1189,0.1521,0.0162,0.033,0.0213,0.0205,0.0046,0.0562,0.0037,0.04,0.0227,1.1353,4.681,Intervention,LPG,Intervention
3M52632,0.0221,0.1072,0.1527,0.029,0.1243,0.0348,0.0188,0.0046,0.0499,0.0037,0.1713,0.0214,1.7465,7.3897,Control,Biomass,Control
3M52633,0.0361,0.1492,0.2285,0.0258,0.1209,0.0816,0.0238,0.0183,0.0758,0.0037,0.2134,0.0244,1.8473,7.0863,Intervention,Biomass,Baseline
3M52634,0.0178,0.0928,0.1123,0.0137,0.03,0.0162,0.0141,0.0046,0.0369,0.016,0.0279,0.0178,0.6462,4.6817,Intervention,LPG,Intervention
3M52636,0.0255,0.1652,0.2243,0.0213,0.073,0.0598,0.0213,0.0046,0.0845,0.0174,0.1079,0.0241,1.5514,6.3742,Control,Biomass,Control
3M52640,0.0204,0.099,0.1396,0.0147,0.0319,0.0214,0.0195,0.0089,0.0447,0.0156,0.0447,0.0226,2.34,5.9584,Control,Biomass,Control
3M52641,0.0185,0.0899,0.1076,0.015,0.02,0.0202,0.0148,0.0091,0.0365,0.0037,0.022,0.0225,0.3764,4.6893,Intervention,LPG,Intervention
3M52642,0.0196,0.1033,0.1498,0.0197,0.0955,0.0222,0.0188,0.0109,0.0443,0.0184,0.1321,0.0207,4.4212,6.1409,Control,Biomass,Baseline
3M52643,0.0291,0.1563,0.2727,0.0253,0.1106,0.0593,0.0232,0.0128,0.0717,0.0204,0.1546,0.0285,2.5822,7.0728,Intervention,Biomass,Baseline
3M52703,0.0093,0.0286,0.0048,0.0296,0.289,0.0254,0.0132,0.0046,0.0091,0.0037,0.6339,0.061,2.3613,15.3554,Control,Biomass,Control
3M52705,0.0157,0.0902,0.1166,0.0204,0.028,0.0201,0.0194,0.0046,0.0527,0.0183,0.0442,0.0177,1.0958,5.0114,Intervention,LPG,Intervention
3M52707,0.0075,0.0418,0.0081,0.0096,0.0144,0.0057,0.0132,0.0102,0.0138,0.0183,0.0152,0.011,0.4195,4.6815,Intervention,LPG,Intervention
3M52708,0.0154,0.0662,0.1032,0.0127,0.0504,0.0313,0.0157,0.0046,0.0237,0.0181,0.0466,0.0127,2.4827,5.015,Intervention,LPG,Intervention
3M52710,0.0163,0.0865,0.1669,0.0259,0.1624,0.0398,0.0193,0.0108,0.0379,0.0201,0.282,0.0181,2.3998,9.5295,Control,Biomass,Baseline
3M52711,0.0127,0.0782,0.1147,0.0184,0.0316,0.0177,0.0188,0.009,0.0497,0.0037,0.0261,0.0119,1.1935,4.8107,Intervention,LPG,Intervention
3M52712,0.011,0.048,0.0459,0.0107,0.0474,0.0231,0.0132,0.0046,0.0153,0.0037,0.05,0.0118,1.4245,5.1137,Intervention,Biomass,Baseline
3M52721,0.0069,0.0425,0.0128,0.0104,0.0204,0.0124,0.014,0.0108,0.0164,0.0037,0.0241,0.0103,0.6746,4.8203,Intervention,LPG,Intervention
3M52726,0.0184,0.0797,0.1353,0.0236,0.0486,0.0238,0.0209,0.0111,0.0609,0.0037,0.0756,0.0202,3.8864,4.7932,Intervention,LPG,Intervention
3M52728,0.0085,0.0375,0.0135,0.0215,0.1196,0.0239,0.0132,0.0116,0.0165,0.0202,0.3971,0.061,1.8084,15.6117,Control,Biomass,Control
3M52730,0.0189,0.0529,0.0854,0.0329,0.2497,0.0676,0.0132,0.0109,0.0203,0.0183,0.3908,0.0131,2.4316,14.8344,Intervention,Biomass,Baseline
3M52731,0.0062,0.0106,0.0312,0.0271,0.15310000000000001,0.0275,0.0132,0.0097,0.0225,0.0103,0.467,0.061,2.8649,15.6117,Control,Biomass,Control
3M52746,0.0143,0.0767,0.0984,0.0164,0.0706,0.0206,0.0148,0.0082,0.0365,0.0037,0.1035,0.0131,2.0262,8.1197,Intervention,Biomass,Baseline
3M52749,0.011,0.0573,0.0544,0.0155,0.0144,0.0119,0.0136,0.0046,0.0278,0.0037,0.0135,0.0112,1.3854,4.6898,Intervention,LPG,Intervention
3M52751,0.0045,0.0262,0.022,0.0046,0.0062,0.0104,0.0132,0.0046,0.0124,0.0037,0.0141,0.061,1.0007,4.7662,Intervention,LPG,Intervention
3M52752,0.0199,0.1038,0.1295,0.0202,0.0435,0.0229,0.0181,0.0101,0.0456,0.0176,0.0529,0.0206,0.9747,4.8065,Intervention,LPG,Intervention
3M52753,0.0246,0.1022,0.1351,0.0251,0.0846,0.0793,0.0174,0.0155,0.0485,0.0173,0.13,0.0209,1.7966,5.8625,Control,Biomass,Baseline
3M52754,0.0236,0.1434,0.2216,0.0208,0.0373,0.0445,0.0229,0.0103,0.0743,0.0037,0.0561,0.0213,0.6858,4.8091,Intervention,LPG,Intervention
3M52761,0.0156,0.061,0.0664,0.029,0.2179,0.0274,0.0149,0.0089,0.0273,0.0037,0.4105,0.0117,1.7918,9.9995,Control,Biomass,Control
3M52769,0.0228,0.1022,0.1383,0.0222,0.0313,0.0204,0.0216,0.0046,0.0502,0.022,0.0658,0.0316,2.142,4.8779,Intervention,LPG,Intervention
3M52770,0.0209,0.1049,0.1538,0.022,0.0429,0.0243,0.0184,0.0102,0.0474,0.0174,0.033,0.0204,0.9335,4.922,Control,Biomass,Control
3M52771,0.0309,0.1728,0.3105,0.0339,0.1148,0.0344,0.0224,0.0123,0.0939,0.0037,0.2601,0.0377,2.6549,10.2731,Control,Biomass,Control
3M52772,0.0264,0.1246,0.1839,0.0285,0.0467,0.0248,0.0203,0.01,0.0584,0.0184,0.0681,0.032,1.278,5.1395,Intervention,LPG,Intervention
3M52773,0.0279,0.1272,0.1776,0.0291,0.0508,0.033,0.0186,0.0098,0.0599,0.0037,0.0914,0.0351,0.5509,4.8419,Intervention,LPG,Intervention
3M52781,0.0312,0.1398,0.2144,0.0264,0.039,0.0308,0.0196,0.0103,0.0629,0.0037,0.0801,0.0381,0.7915,4.8198,Intervention,LPG,Intervention
3M52785,0.0269,0.1428,0.2321,0.0303,0.1655,0.0442,0.0237,0.0046,0.0688,0.0208,0.3023,0.0266,1.7487,17.0728,Control,Biomass,Control
3M52788,0.0179,0.0897,0.1061,0.0194,0.0163,0.0156,0.0161,0.0094,0.039,0.0037,0.017,0.0171,1.365,4.7499,Intervention,LPG,Intervention
3M52789,0.0216,0.0837,0.1458,0.0334,0.0616,0.0296,0.0213,0.0046,0.0507,0.017,0.0809,0.0218,1.9008,7.8416,Control,Biomass,Control
3M52791,0.0349,0.1122,0.1573,0.0308,0.1461,0.0846,0.0218,0.0126,0.0616,0.0203,0.2517,0.0155,1.8543,7.3677,Control,Biomass,Control
3M52793,0.0221,0.0943,0.1425,0.0324,0.1404,0.041,0.0192,0.0046,0.0546,0.0222,0.168,0.0234,3.914,6.2284,Control,Biomass,Control
3M52796,0.0168,0.0884,0.149,0.0447,0.2853,0.0201,0.0173,0.0089,0.0457,0.0202,0.6209,0.0162,2.1855,13.6259,Control,Biomass,Control
3M52805,0.0175,0.0964,0.1002,0.021,0.029,0.0182,0.0188,0.0101,0.0347,0.024,0.0305,0.0171,1.1944,4.8424,Intervention,LPG,Intervention
3M52807,0.0229,0.1057,0.1519,0.0245,0.0328,0.0213,0.0176,0.0106,0.0489,0.0161,0.0166,0.0244,2.2692,4.8254,Intervention,LPG,Intervention
3M52809,0.0235,0.1284,0.1777,0.0224,0.0249,0.0294,0.0167,0.01,0.0655,0.0186,0.0264,0.0233,1.237,4.6959,Intervention,LPG,Intervention
3M52813,0.006,0.0405,0.0222,0.0154,0.0214,0.0185,0.0136,0.0098,0.0142,0.0037,0.0177,0.061,1.0684,4.802,Intervention,LPG,Intervention
3M52823,0.0239,0.0814,0.0851,0.0181,0.15,0.0627,0.0159,0.0109,0.0489,0.0163,0.3342,0.011,1.8221,6.1639,Control,Biomass,Control
3M52824,0.0104,0.0519,0.0306,0.0203,0.1842,0.02,0.016,0.0102,0.0227,0.0186,0.3036,0.061,2.3476,9.0372,Control,Biomass,Baseline
3M52830,0.0158,0.1814,0.2596,0.0122,0.0573,0.0524,0.0258,0.0178,0.098,0.0174,0.0775,0.0173,1.8872,5.085,Control,Biomass,Control
3M52832,0.0221,0.0628,0.0934,0.0134,0.0487,0.0602,0.0142,0.0092,0.0256,0.0203,0.0458,0.0189,1.7751,5.6107,Control,Biomass,Control
3M52836,0.0176,0.115,0.1292,0.0139,0.0714,0.036,0.0168,0.0113,0.058,0.0175,0.0888,0.0178,1.4647,5.569,Intervention,Biomass,Baseline
3M52837,0.0102,0.0491,0.0169,0.0105,0.0522,0.0148,0.0132,0.0046,0.0162,0.0184,0.0556,0.0108,2.0227,5.2507,Intervention,Biomass,Baseline
3M52840,0.015,0.1191,0.1901,0.0185,0.1135,0.0475,0.0198,0.0133,0.0886,0.0165,0.299,0.0106,3.5639,11.3996,Control,Biomass,Baseline
3M52841,0.0244,0.0953,0.13,0.0268,0.2141,0.0709,0.0173,0.0097,0.0494,0.0037,0.3659,0.0128,2.0122,10.8075,Control,Biomass,Baseline
3M52849,0.0103,0.0691,0.0336,0.0141,0.0194,0.0165,0.0179,0.0046,0.0225,0.022,0.0153,0.0111,1.0705,4.9885,Control,Biomass,Control
3M52851,0.0048,0.0254,0.0104,0.0091,0.0152,0.0066,0.0132,0.0046,0.0066,0.0108,0.0089,0.061,1.0836,4.729,Intervention,LPG,Intervention
3M52869,0.0069,0.0369,0.0043,0.0208,0.0234,0.011,0.0132,0.005,0.0112,0.0114,0.0141,0.061,1.6451,4.8458,Control,Biomass,Control
3M52876,0.0073,0.0307,0.0138,0.0186,0.034,0.0181,0.0132,0.0061,0.0163,0.0037,0.0236,0.061,3.3032,4.8356,Control,Biomass,Control
3M52899,0.0213,0.0512,0.0589,0.0176,0.0423,0.045,0.0076,0.0056,0.0256,0.0037,0.0628,0.0111,1.5783,5.2919,Control,Biomass,Baseline
3M52905,0.0076,0.0357,0.0706,0.0479,0.4342,0.0181,0.0106,0.0042,0.0253,0.0037,0.6111,0.061,1.8801,33.8649,Control,Biomass,Baseline
3M52906,0.0048,0.0089,0.0165,0.0167,0.0165,0.0115,0.0064,0.0046,0.0182,0.0037,0.0112,0.011,1.4799,4.6866,Control,Biomass,Control
3M52909,0.0046,0.0064,0.0163,0.0162,0.046,0.011,0.0132,0.0046,0.0177,0.0037,0.0349,0.013,2.808,5.0214,Intervention,LPG,Intervention
3M52916,0.0105,0.0301,0.0789,0.0333,0.0348,0.0495,0.0115,0.0094,0.035,0.0116,0.1131,0.0119,1.6558,10.7822,Intervention,LPG,Intervention
3M52922,0.0126,0.0512,0.1065,0.0195,0.0286,0.0206,0.0103,0.0053,0.0418,0.0037,0.0121,0.0214,2.4693,4.7713,Intervention,LPG,Intervention
3M52928,0.0254,0.0701,0.1334,0.0583,0.3382,0.063,0.0145,0.0079,0.0482,0.0106,0.5555,0.0168,1.9976,13.4057,Control,Biomass,Control
3M52929,0.0098,0.1058,0.1205,0.0119,0.0261,0.0198,0.0135,0.0096,0.0558,0.0103,0.0331,0.0131,1.0891,4.8896,Intervention,LPG,Intervention
3M52933,0.0104,0.056,0.0584,0.0151,0.0403,0.0246,0.0082,0.0046,0.0268,0.0077,0.037,0.0101,2.2069,5.0023,Control,Biomass,Baseline
3M52936,0.0086,0.0473,0.0299,0.0114,0.0425,0.0228,0.0132,0.0043,0.0224,0.0037,0.0648,0.0099,3.085,5.5764,Control,Biomass,Baseline
3M52942,0.0123,0.0913,0.1669,0.0224,0.069,0.0357,0.0127,0.008,0.0587,0.0088,0.1077,0.0122,1.8086,6.344,Control,Biomass,Control
3M52944,0.0079,0.009,0.0104,0.004,0.0024,0.0039,0.0132,0.0046,0.0066,0.0037,0.0046,0.061,2.1215,4.7036,Intervention,LPG,Intervention
3M52954,0.0055,0.009,0.0104,0.0128,0.0821,0.0172,0.0063,0.0046,0.0095,0.0037,0.1094,0.061,1.886,7.3784,Control,Biomass,Control
3M52959,0.0089,0.0288,0.1003,0.022,0.1104,0.036,0.0103,0.005,0.0253,0.011,0.1059,0.0132,2.243,5.8444,Intervention,LPG,Intervention
3M52961,0.0104,0.0718,0.1008,0.0147,0.0695,0.0321,0.0147,0.0064,0.0475,0.0037,0.1086,0.0143,1.3783,5.3301,Control,Biomass,Control
3M52964,0.0077,0.0487,0.0418,0.0126,0.0431,0.0157,0.01,0.0036,0.0277,0.0037,0.0391,0.061,3.4701,5.2955,Intervention,LPG,Intervention
3M52965,0.0062,0.0359,0.0593,0.0151,0.0752,0.0193,0.0118,0.0056,0.0369,0.0118,0.0756,0.0096,1.9784,5.2955,Intervention,LPG,Intervention
3M52966,0.0066,0.0386,0.0727,0.0089,0.021,0.0195,0.0127,0.006,0.0275,0.0037,0.0106,0.0096,2.003,4.7497,Intervention,LPG,Intervention
3M52968,0.0099,0.0354,0.0197,0.0302,0.1351,0.0266,0.0103,0.0079,0.0153,0.0103,0.1423,0.061,1.9822,8.9237,Control,Biomass,Control
3M52980,0.0114,0.0537,0.061,0.0104,0.0836,0.0356,0.0129,0.0046,0.0275,0.0037,0.1213,0.013,4.636,6.6661,Intervention,Biomass,Baseline
3M52981,0.0059,0.0127,0.0125,0.0124,0.0379,0.0099,0.0132,0.0046,0.0151,0.0037,0.0567,0.0141,1.7793,5.247,Intervention,LPG,Intervention
3M52982,0.0127,0.1342,0.3014,0.0107,0.0399,0.0367,0.024,0.0103,0.1106,0.0086,0.0791,0.0158,0.8736,5.0285,Intervention,LPG,Intervention
3M52987,0.0061,0.0159,0.0229,0.0158,0.0755,0.017,0.008,0.0054,0.0246,0.0108,0.1255,0.0154,3.4591,5.404,Control,Biomass,Control
3M52989,0.0255,0.0509,0.1151,0.0159,0.1125,0.1157,0.0133,0.0153,0.0496,0.008,0.2069,0.0185,1.7987,5.718,Control,Biomass,Control
3M52991,0.0064,0.027,0.0893,0.017,0.0216,0.0269,0.0114,0.0046,0.0438,0.008,0.0323,0.0107,1.4702,4.6876,Intervention,LPG,Intervention
3M52992,0.0045,0.0387,0.0978,0.0079,0.0223,0.0211,0.0128,0.006,0.0564,0.0037,0.0433,0.0124,1.1365,4.8628,Intervention,LPG,Intervention
3M52994,0.0046,0.0051,0.0249,0.0195,0.0253,0.0095,0.0072,0.0048,0.0214,0.0086,0.0256,0.0117,0.1299,4.6815,Intervention,LPG,Intervention
3M52996,0.0167,0.1038,0.1225,0.0077,0.0142,0.0258,0.0151,0.0074,0.0527,0.0097,0.0261,0.0159,2.089,4.7701,Intervention,LPG,Intervention
3M53000,0.0162,0.0649,0.0769,0.02,0.1621,0.0414,0.0088,0.0075,0.029,0.0037,0.2451,0.0115,2.9485,18.5422,Control,Biomass,Control
3M53001,0.0089,0.0354,0.0286,0.0142,0.0894,0.0126,0.0132,0.0043,0.0145,0.0037,0.1195,0.0137,2.8453,5.5303,Control,Biomass,Control
3M53013,0.011,0.0442,0.0544,0.0184,0.0335,0.0121,0.0075,0.0066,0.0264,0.0091,0.0316,0.0207,1.8093,4.8531,Intervention,LPG,Intervention
3M53019,0.0084,0.0166,0.0335,0.0359,0.1636,0.0249,0.0085,0.0055,0.0222,0.0037,0.3854,0.0133,2.2701,12.5354,Control,Biomass,Control
3M53022,0.0216,0.1552,0.2991,0.0321,0.0491,0.0469,0.0233,0.0114,0.1303,0.0037,0.0709,0.0439,1.8151,4.9341,Intervention,LPG,Intervention
3M53029,0.0046,0.009,0.0316,0.0103,0.0134,0.0205,0.0132,0.0046,0.0181,0.0037,0.0213,0.0094,0.3188,4.6879,Intervention,LPG,Intervention
3M53033,0.0078,0.0134,0.0346,0.0226,0.0327,0.0104,0.0065,0.0052,0.0222,0.009,0.018,0.0199,1.9146,4.6834,Intervention,LPG,Intervention
3M53040,0.0182,0.0615,0.1592,0.0228,0.0392,0.0239,0.0128,0.0047,0.0524,0.0037,0.0529,0.0261,1.4707,5.2006,Control,Biomass,Control
3M53049,0.0176,0.0694,0.1154,0.0393,0.155,0.0648,0.016,0.0072,0.0467,0.0037,0.341,0.0223,1.2488,9.3409,Control,Biomass,Control
3M53050,0.0177,0.0714,0.1131,0.0293,0.1106,0.041,0.0101,0.0064,0.0519,0.0037,0.1829,0.0221,2.4925,8.9697,Control,Biomass,Control
3M53058,0.0178,0.0711,0.1326,0.0157,0.0277,0.0233,0.0137,0.0046,0.051,0.0037,0.0249,0.0193,1.0474,4.7504,Intervention,LPG,Intervention
3M53068,0.0244,0.09,0.1481,0.0328,0.1848,0.0587,0.0141,0.0075,0.0445,0.0037,0.2858,0.019,2.255,11.158,Control,Biomass,Control
3M53070,0.0281,0.0914,0.1503,0.0253,0.0861,0.0355,0.0121,0.0087,0.0586,0.0094,0.0921,0.027,1.2991,5.165,Control,Biomass,Control
3M53071,0.0232,0.1037,0.166,0.023,0.0628,0.0477,0.0133,0.0058,0.0587,0.0037,0.082,0.028,1.6717,5.8945,Control,Biomass,Control
3M53075,0.0217,0.0584,0.1986,0.0376,0.0897,0.0519,0.0121,0.0056,0.0439,0.0037,0.0787,0.0289,2.0772,5.3864,Intervention,LPG,Intervention
3M53076,0.0323,0.0901,0.1933,0.0343,0.1621,0.0572,0.014,0.009,0.0645,0.0037,0.2402,0.033,2.1965,7.5771,Control,Biomass,Baseline
3M53079,0.0396,0.0946,0.1952,0.0336,0.1202,0.24,0.0139,0.0081,0.0665,0.0086,0.178,0.0316,3.1676,6.4856,Control,Biomass,Control
3M53105,0.011,0.0208,0.0387,0.028,0.0497,0.0307,0.0081,0.0079,0.0272,0.0037,0.0534,0.0172,3.3855,5.4825,Control,Biomass,Control
3M53107,0.0179,0.0652,0.1388,0.0321,0.1701,0.0275,0.0121,0.0046,0.0471,0.0086,0.2622,0.0228,2.628,6.0904,Control,Biomass,Control
3M53111,0.0263,0.0872,0.1704,0.0442,0.1733,0.0467,0.0149,0.007,0.0688,0.0037,0.1872,0.0271,3.4641,8.9478,Control,Biomass,Control
3M53113,0.0217,0.1338,0.2282,0.0251,0.0623,0.0443,0.0175,0.0085,0.074,0.0094,0.1188,0.0234,3.0627,9.1164,Control,Biomass,Control
3M53118,0.0203,0.0945,0.1746,0.0277,0.0262,0.0266,0.0154,0.0072,0.0582,0.0037,0.0385,0.035,1.1228,4.7267,Intervention,LPG,Intervention
3M53119,0.038,0.2111,0.3567,0.0431,0.227,0.099,0.0318,0.0114,0.171,0.0037,0.3285,0.0341,3.3687,9.1428,Control,Biomass,Baseline
3M53122,0.0437,0.1316,0.3586,0.0352,0.0612,0.1246,0.0196,0.0105,0.0937,0.015,0.0942,0.0434,1.4986,4.9912,Control,Biomass,Control
3M53129,0.0253,0.0989,0.2222,0.048,0.2078,0.052,0.0164,0.0075,0.0705,0.0114,0.3255,0.0221,2.2491,20.868,Control,Biomass,Control
3M53137,0.0306,0.1192,0.2899,0.0397,0.1239,0.0408,0.0168,0.0068,0.0867,0.0096,0.1298,0.0283,1.9043,12.2514,Control,Biomass,Control
3M53144,0.0319,0.1401,0.3055,0.0317,0.0448,0.0467,0.0199,0.0108,0.1052,0.0073,0.0656,0.0351,1.4945,4.9682,Intervention,LPG,Intervention
3M53145,0.0342,0.1102,0.2906,0.0338,0.0991,0.0541,0.0164,0.0079,0.0724,0.0093,0.1141,0.0335,2.2594,6.7905,Intervention,Biomass,Baseline
3M53146,0.011,0.051,0.0986,0.0408,0.1534,0.044,0.0115,0.0067,0.0358,0.0099,0.1312,0.0154,4.073,9.193,Control,Biomass,Control
3M53155,0.0073,0.0398,0.0577,0.0211,0.0202,0.0129,0.0103,0.0058,0.0272,0.0071,0.0139,0.011,3.0146,4.7875,Control,Biomass,Control
3M53156,0.0106,0.0151,0.0123,0.0277,0.0676,0.0229,0.0091,0.0084,0.0329,0.0108,0.0468,0.0147,2.6315,6.2201,Control,Biomass,Control
3M53159,0.0098,0.0221,0.0431,0.0248,0.0816,0.0213,0.0094,0.0061,0.0271,0.008,0.1006,0.0226,1.9476,6.2866,Control,Biomass,Control
3M53173,0.0209,0.0987,0.2258,0.0437,0.2488,0.1188,0.0175,0.019,0.0947,0.012,0.3109,0.0279,2.5146,9.8133,Intervention,Biomass,Baseline
3M53177,0.0048,0.0121,0.0362,0.0131,0.0115,0.0152,0.0089,0.0067,0.0212,0.0037,0.0113,0.0118,4.8091,4.8017,Intervention,LPG,Intervention
3M53178,0.0052,0.0068,0.0184,0.0149,0.0311,0.0165,0.0132,0.0045,0.02,0.0037,0.0118,0.0103,0.9321,4.7689,Intervention,Biomass,Baseline
3M53179,0.0181,0.0535,0.1789,0.0301,0.1664,0.0554,0.0135,0.0075,0.0483,0.0094,0.1595,0.025,3.041,10.1966,Control,Biomass,Control
3M53187,0.0061,0.0611,0.1201,0.0126,0.0186,0.0099,0.0096,0.0046,0.0411,0.0037,0.0093,0.0102,1.3626,4.688,Intervention,LPG,Intervention
3M53189,0.0086,0.0493,0.1295,0.0232,0.0269,0.0166,0.0098,0.0037,0.0354,0.009,0.0112,0.0176,0.2942,4.7196,Intervention,LPG,Intervention
3M53190,0.0138,0.0657,0.0941,0.0224,0.0399,0.0246,0.009,0.007,0.0303,0.0088,0.0145,0.0136,1.1087,4.8189,Control,Biomass,Control
3M53194,0.0103,0.0486,0.0642,0.0208,0.1013,0.0189,0.008,0.0045,0.0222,0.0037,0.1101,0.0166,3.0345,7.2961,Control,Biomass,Control
3M53196,0.0077,0.0663,0.091,0.0223,0.0343,0.033,0.0109,0.0058,0.0349,0.0099,0.0251,0.0103,1.7944,4.8058,Intervention,LPG,Intervention
3M53199,0.0126,0.0845,0.1998,0.022,0.0249,0.0337,0.02,0.0127,0.0735,0.0106,0.0232,0.0265,2.2606,4.8017,Intervention,LPG,Intervention
3M53203,0.0098,0.0529,0.10780000000000001,0.0252,0.0323,0.0347,0.0106,0.0047,0.0309,0.0088,0.021,0.0135,1.7563,4.9161,Intervention,LPG,Intervention
3M53208,0.017,0.055,0.1468,0.0318,0.1389,0.0485,0.0143,0.0073,0.0457,0.0037,0.1621,0.0207,2.2124,6.9528,Control,Biomass,Control
3M53209,0.0082,0.0254,0.1032,0.0182,0.0248,0.0449,0.0116,0.0123,0.0512,0.0148,0.0183,0.0133,1.9608,4.7457,Control,Biomass,Control
3M53210,0.01,0.0166,0.0526,0.0248,0.0429,0.0161,0.0096,0.0046,0.0253,0.0096,0.0123,0.0192,1.0422,4.786,Intervention,LPG,Intervention
3M53213,0.0098,0.0357,0.0761,0.0175,0.0324,0.0259,0.0107,0.0069,0.0352,0.0037,0.0136,0.0152,1.3436,4.6812,Intervention,LPG,Intervention
3M53217,0.0122,0.0477,0.0438,0.0292,0.0906,0.0192,0.0089,0.0043,0.0288,0.0037,0.0607,0.0159,2.0212,5.9729,Control,Biomass,Control
3M53224,0.0264,0.0977,0.2369,0.0251,0.1011,0.0627,0.0139,0.0088,0.0478,0.0037,0.1238,0.0294,2.2473,6.5125,Control,Biomass,Control
3M53226,0.0106,0.0382,0.0141,0.0199,0.0184,0.0119,0.0071,0.0046,0.0144,0.0037,0.0116,0.0181,1.6782,4.6847,Control,Biomass,Control
3M53231,0.0084,0.0369,0.0215,0.0196,0.0336,0.013,0.009,0.0046,0.0202,0.0127,0.018,0.0182,1.3575,5.0057,Intervention,LPG,Intervention
3M53234,0.0081,0.0809,0.0652,0.0223,0.0554,0.0107,0.0152,0.0079,0.0398,0.0037,0.012,0.0109,2.1917,4.7374,Intervention,LPG,Intervention
3M53237,0.011,0.0627,0.0423,0.022,0.0826,0.0159,0.0182,0.0107,0.0237,0.0037,0.069,0.0174,3.2558,5.84,Intervention,LPG,Intervention
3M53247,0.0131,0.0756,0.0868,0.0215,0.0283,0.0165,0.0173,0.0101,0.0364,0.0201,0.0274,0.017,2.0854,4.8196,Intervention,LPG,Intervention
3M53250,0.01,0.0532,0.0426,0.024,0.0424,0.0344,0.0127,0.0097,0.0227,0.0183,0.0538,0.0134,2.6091,6.0052,Intervention,Biomass,Baseline
3M53252,0.0098,0.0959,0.1035,0.0259,0.1084,0.0219,0.0207,0.0117,0.0426,0.024,0.1646,0.0108,2.0619,8.0609,Control,Biomass,Control
3M53253,0.0063,0.0366,0.0104,0.0312,0.0509,0.0162,0.0132,0.0093,0.0155,0.0219,0.031,0.061,2.1575,5.8544,Control,Biomass,Control
3M53256,0.0123,0.0701,0.076,0.0249,0.0227,0.0257,0.0174,0.0086,0.0325,0.0037,0.0278,0.0173,0.857,4.8464,Intervention,LPG,Intervention
3M53261,0.0097,0.0409,0.0215,0.0422,0.398,0.0241,0.0159,0.0114,0.0164,0.0037,1.0075,0.061,2.9744,21.3515,Control,Biomass,Control
3M53270,0.0186,0.069,0.0633,0.0355,0.2402,0.0269,0.0186,0.0114,0.0315,0.0201,0.3907,0.0174,2.8392,5.4808,Control,Biomass,Control
3M53276,0.0152,0.0697,0.0765,0.0168,0.0141,0.0151,0.0164,0.0109,0.0278,0.0037,0.017,0.0173,0.8651,4.7093,Intervention,LPG,Intervention
3M53277,0.0093,0.0523,0.0332,0.0201,0.0697,0.0147,0.0132,0.0046,0.0208,0.0238,0.0485,0.0147,1.5332,4.949,Intervention,LPG,Intervention
3M53278,0.0124,0.0933,0.0747,0.0167,0.0404,0.0324,0.0189,0.0046,0.0417,0.0184,0.0478,0.0131,1.7719,4.9937,Control,Biomass,Control
3M53279,0.0105,0.0639,0.0559,0.041,0.1505,0.0226,0.0168,0.0108,0.033,0.022,0.2585,0.0128,1.8053,14.6336,Control,Biomass,Control
3M53281,0.0145,0.0837,0.0814,0.0241,0.0385,0.0159,0.0189,0.0104,0.0353,0.0201,0.0444,0.0179,1.0157,4.7459,Intervention,LPG,Intervention
3M53289,0.0218,0.0833,0.0956,0.0369,0.2204,0.0367,0.0188,0.0104,0.0443,0.0184,0.2875,0.0175,2.6561,8.7304,Control,Biomass,Control
3M53290,0.0091,0.0367,0.0985,0.021,0.0247,0.0273,0.012,0.0069,0.0418,0.0037,0.0306,0.0106,0.9191,4.8464,Intervention,LPG,Intervention
3M53292,0.017,0.0849,0.1097,0.0491,0.2707,0.0314,0.0174,0.0125,0.0497,0.0037,0.3663,0.0158,1.8981,12.4031,Control,Biomass,Control
3M53293,0.0184,0.0914,0.13,0.0548,0.3237,0.0429,0.0134,0.0112,0.0587,0.0037,0.4229,0.0174,1.8203,12.4031,Control,Biomass,Control
3M53294,0.0143,0.0886,0.085,0.0236,0.0216,0.0171,0.0169,0.0112,0.0405,0.0166,0.0215,0.0155,1.5208,4.7603,Intervention,LPG,Intervention
3M53300,0.011,0.0573,0.048,0.0321,0.1633,0.0175,0.0149,0.0107,0.0341,0.0206,0.2276,0.02,1.4984,8.2283,Control,Biomass,Control
3M53302,0.0064,0.0398,0.0049,0.0116,0.0209,0.0094,0.0172,0.0046,0.0124,0.0243,0.0146,0.061,0.2795,4.6822,Intervention,LPG,Intervention
3M53312,0.0149,0.0662,0.0714,0.0215,0.0447,0.0283,0.018,0.0095,0.0401,0.0037,0.0409,0.0186,3.9815,4.8873,Control,Biomass,Control
3M53316,0.0086,0.0462,0.0518,0.0334,0.0741,0.0285,0.0167,0.011,0.0312,0.0183,0.1965,0.0118,2.209,22.2704,Control,Biomass,Control
3M53317,0.0074,0.0389,0.0114,0.0098,0.05,0.012,0.0166,0.0106,0.0178,0.0201,0.0894,0.061,1.9233,7.7746,Control,Biomass,Control
3M53320,0.0171,0.0668,0.1066,0.0317,0.125,0.0557,0.018,0.0109,0.0282,0.0037,0.2794,0.0115,2.0843,15.7152,Control,Biomass,Control
3M53321,0.0093,0.0396,0.0144,0.0247,0.2728,0.0166,0.0132,0.0094,0.0174,0.0037,0.6151,0.061,2.7237,8.2045,Control,Biomass,Control
3M53322,0.0084,0.0685,0.0532,0.0122,0.0607,0.0183,0.0165,0.0046,0.0252,0.0183,0.0775,0.0136,2.1163,5.2279,Intervention,LPG,Intervention
3M53325,0.0097,0.0632,0.0519,0.0181,0.0854,0.0223,0.0179,0.0104,0.0271,0.0201,0.122,0.0114,2.3137,8.0905,Control,Biomass,Control
3M53333,0.0132,0.0701,0.1068,0.0215,0.1091,0.0274,0.0188,0.0112,0.0277,0.0037,0.1701,0.0108,4.674,7.7921,Control,Biomass,Control
3M53338,0.0148,0.1038,0.1381,0.0572,0.351,0.0502,0.0199,0.0127,0.0663,0.0037,0.5431,0.0133,3.0118,21.9549,Intervention,Biomass,Baseline
3M53340,0.0086,0.0599,0.0857,0.0265,0.0999,0.0362,0.0176,0.0116,0.0312,0.0185,0.1796,0.061,2.005,16.3035,Control,Biomass,Control
3M53341,0.0083,0.037,0.023,0.0128,0.0247,0.0149,0.0132,0.0046,0.0148,0.0037,0.0151,0.061,2.1952,4.6808,Control,Biomass,Control
3M53342,0.0052,0.0341,0.0067,0.0058,0.0135,0.0076,0.0132,0.0046,0.0139,0.0202,0.009,0.061,1.6388,4.7227,Intervention,LPG,Intervention
3M53343,0.006,0.0395,0.0071,0.0091,0.0586,0.021,0.0132,0.0046,0.017,0.0201,0.0692,0.061,1.8121,4.6815,Intervention,LPG,Intervention
3M53346,0.0053,0.0262,0.0104,0.0073,0.0238,0.0076,0.0132,0.0104,0.0101,0.0179,0.0273,0.061,4.1759,7.9623,Control,Biomass,Control
3M53347,0.0099,0.0433,0.0297,0.0099,0.0516,0.0209,0.0171,0.0105,0.0186,0.0201,0.0689,0.061,1.7046,5.8585,Control,Biomass,Control
3M53349,0.0056,0.0409,0.0043,0.0111,0.0106,0.0067,0.0132,0.0114,0.015,0.0037,0.0081,0.061,0.6175,4.743,Intervention,LPG,Intervention
3M53350,0.0057,0.0292,0.0104,0.0122,0.0106,0.0106,0.0165,0.0046,0.0113,0.0037,0.0103,0.061,2.3051,4.6834,Intervention,LPG,Intervention
3M53351,0.0069,0.043,0.0302,0.012,0.0165,0.0114,0.0132,0.009,0.0136,0.0037,0.01,0.0089,0.8068,4.6828,Control,Biomass,Control
3M53354,0.0062,0.034,0.0065,0.0267,0.1272,0.0172,0.0132,0.0095,0.0144,0.0186,0.1723,0.061,3.4144,7.1838,Control,Biomass,Control
3M53355,0.0133,0.1178,0.1369,0.0084,0.034,0.0378,0.0215,0.0159,0.0872,0.0201,0.047,0.0132,2.8147,4.9078,Intervention,LPG,Intervention
3M53358,0.0083,0.0363,0.0044,0.0092,0.0573,0.0325,0.0156,0.0096,0.014,0.0037,0.0628,0.061,3.2365,6.4472,Control,Biomass,Control
3M53368,0.0075,0.0304,0.0294,0.0108,0.0209,0.0196,0.0132,0.0048,0.0254,0.0037,0.0187,0.0091,1.7656,4.7951,Control,Biomass,Control
3M53378,0.0108,0.0276,0.0104,0.0134,0.0491,0.0807,0.0132,0.0056,0.0102,0.0037,0.1094,0.061,1.4505,5.5232,Control,Biomass,Control
3M53385,0.0202,0.0658,0.079,0.0197,0.065,0.0478,0.0093,0.0061,0.031,0.0037,0.0869,0.0159,3.0595,6.1612,Control,Biomass,Baseline
3M53392,0.0194,0.0501,0.1251,0.0241,0.0742,0.0365,0.0094,0.0054,0.0453,0.0037,0.0942,0.0249,2.2117,5.6618,Control,Biomass,Baseline
3M53393,0.0154,0.0675,0.1341,0.0287,0.1068,0.0419,0.0148,0.0072,0.0599,0.008,0.1775,0.0206,2.4243,7.3596,Control,Biomass,Baseline
3M53395,0.0187,0.0643,0.1332,0.0306,0.1039,0.0361,0.0115,0.0071,0.0547,0.0037,0.1165,0.0171,2.3355,6.598,Control,Biomass,Control
3M53398,0.0067,0.0059,0.0056,0.0258,0.1285,0.0385,0.0132,0.0046,0.0104,0.0081,0.1947,0.0144,1.7355,5.7741,Control,Biomass,Control
3M53402,0.0059,0.009,0.0133,0.02,0.0218,0.0114,0.0132,0.003,0.0116,0.0079,0.0121,0.0149,3.2405,4.9662,Intervention,LPG,Intervention
3M53405,0.0062,0.0393,0.0525,0.0162,0.0255,0.0246,0.0107,0.0061,0.0363,0.0037,0.0169,0.0138,0.8103,4.6888,Intervention,LPG,Intervention
3M53407,0.0074,0.0069,0.0083,0.067,0.7216,0.0156,0.0132,0.0046,0.0129,0.0102,1.4038,0.061,2.8459,23.3117,Control,Biomass,Control
3M53421,0.009,0.0614,0.0507,0.0177,0.0492,0.0154,0.0082,0.0052,0.0278,0.009,0.0452,0.0142,2.1736,4.9303,Control,Biomass,Baseline
3M53422,0.0117,0.0528,0.041,0.0243,0.0956,0.0381,0.011,0.0046,0.0311,0.011,0.1505,0.0112,2.192,12.0194,Intervention,Biomass,Baseline
3M53431,0.0193,0.0679,0.0919,0.0292,0.0719,0.0301,0.0105,0.0052,0.039,0.0037,0.1152,0.0307,2.9003,6.9828,Control,Biomass,Control
3M53435,0.0141,0.0486,0.042,0.0198,0.0192,0.0136,0.0095,0.0046,0.0242,0.0037,0.0203,0.0177,1.426,4.6895,Control,Biomass,Control
3M53438,0.0096,0.0286,0.0481,0.0117,0.014,0.0226,0.008,0.0039,0.0245,0.0091,0.0236,0.0151,0.2977,4.6889,Intervention,LPG,Intervention
3M53440,0.022,0.0711,0.1988,0.0298,0.0474,0.0337,0.0139,0.0046,0.0545,0.0037,0.0754,0.0387,1.467,4.9353,Intervention,LPG,Intervention
3M53444,0.0217,0.0484,0.1609,0.0348,0.0843,0.0329,0.0121,0.0078,0.0437,0.0077,0.1364,0.0363,2.2872,6.5085,Intervention,Biomass,Baseline
3M53448,0.0292,0.0527,0.1319,0.0577,0.3644,0.1002,0.0144,0.0065,0.0542,0.011,0.8127,0.032,2.6375,12.6278,Control,Biomass,Control
3M53455,0.0062,0.0156,0.0163,0.0309,0.0417,0.0097,0.0067,0.0046,0.0182,0.0116,0.0769,0.0132,2.5202,5.0496,Intervention,LPG,Intervention
3M53457,0.0088,0.0625,0.0499,0.011,0.0099,0.0155,0.0094,0.0074,0.0326,0.0037,0.0132,0.0096,0.8288,4.6822,Intervention,LPG,Intervention
3M53464,0.0169,0.0652,0.0822,0.0421,0.1487,0.0172,0.0169,0.0097,0.03,0.0201,0.1825,0.0136,2.1469,6.7933,Control,Biomass,Control
3M53465,0.0093,0.0431,0.0268,0.0266,0.0172,0.0106,0.0132,0.0046,0.018,0.0184,0.0105,0.0118,1.4614,4.7233,Intervention,LPG,Intervention
3M53467,0.0118,0.0653,0.0527,0.0243,0.0199,0.0129,0.0172,0.0046,0.025,0.0037,0.0155,0.0109,0.8122,4.6817,Intervention,LPG,Intervention
3M53472,0.0093,0.0654,0.0617,0.0137,0.0518,0.0162,0.0158,0.01,0.0248,0.0206,0.054,0.0103,1.3758,5.3064,Intervention,LPG,Intervention
3M53482,0.02,0.0961,0.1211,0.0318,0.0466,0.0507,0.0191,0.0112,0.056,0.0238,0.0446,0.0188,2.0655,4.9878,Control,Biomass,Control
3M53487,0.0055,0.0374,0.0171,0.0164,0.0149,0.0115,0.0132,0.0108,0.0152,0.0037,0.011,0.061,1.6455,4.6884,Intervention,LPG,Intervention
3M53492,0.0108,0.072,0.0564,0.0139,0.0201,0.0354,0.0132,0.0099,0.0375,0.0184,0.0337,0.012,2.1905,4.7894,Intervention,LPG,Intervention
3M53502,0.0128,0.1255,0.1939,0.0132,0.0283,0.0271,0.0202,0.0174,0.0776,0.0172,0.0249,0.0109,1.0387,4.9878,Intervention,LPG,Intervention
3M53504,0.0071,0.0371,0.0047,0.0244,0.1148,0.0157,0.0132,0.0114,0.0135,0.0185,0.1075,0.061,1.6262,9.1646,Control,Biomass,Control
3M53519,0.0229,0.0731,0.087,0.037,0.1431,0.0672,0.0166,0.0099,0.0324,0.0174,0.1423,0.0147,2.4582,7.361,Control,Biomass,Control
3M53521,0.0094,0.0432,0.0199,0.0327,0.07,0.0141,0.016,0.0097,0.0192,0.0219,0.0448,0.0097,2.3454,5.9422,Control,Biomass,Control
3M53523,0.012,0.1033,0.1043,0.0352,0.0573,0.0193,0.0219,0.0123,0.0466,0.0201,0.0457,0.0139,2.9055,6.376,Control,Biomass,Control
3M53524,0.0103,0.0618,0.054,0.034,0.0595,0.0196,0.0167,0.0103,0.0282,0.0201,0.03,0.0122,1.3427,4.7529,Control,Biomass,Control
3M53527,0.0071,0.0108,0.0236,0.0282,0.076,0.0205,0.0091,0.0059,0.0263,0.0037,0.0748,0.0115,2.2396,5.9422,Control,Biomass,Control
3M53528,0.0154,0.0546,0.0496,0.0346,0.1099,0.0391,0.0163,0.0095,0.0291,0.0182,0.115,0.0118,3.0049,6.1215,Control,Biomass,Control
3M53530,0.0094,0.0543,0.0419,0.0323,0.0355,0.0113,0.0132,0.0101,0.0252,0.0037,0.0206,0.011,2.6909,4.9303,Intervention,LPG,Intervention
3M53534,0.0135,0.0382,0.0143,0.0233,0.104,0.0236,0.0162,0.0046,0.0165,0.0037,0.1188,0.0117,2.0439,5.9917,Control,Biomass,Baseline
3M53540,0.012,0.0512,0.0212,0.0235,0.1453,0.0295,0.0179,0.0105,0.0208,0.0037,0.1931,0.061,2.6546,7.3047,Control,Biomass,Control
3M53543,0.0135,0.1432,0.2038,0.0286,0.0915,0.0367,0.0194,0.0127,0.0618,0.0037,0.1539,0.015,2.0004,8.401,Control,Biomass,Control
3M53552,0.0077,0.0474,0.012,0.0132,0.0329,0.0125,0.0132,0.0126,0.0179,0.022,0.0524,0.061,1.726,4.7127,Intervention,LPG,Intervention
3M53573,0.0161,0.1377,0.1869,0.0214,0.0445,0.0352,0.0241,0.0148,0.0757,0.0201,0.0553,0.0161,1.8844,5.0932,Control,Biomass,Control
3M53610,0.0064,0.035,0.0067,0.0099,0.0238,0.0097,0.0132,0.0046,0.0137,0.0175,0.0128,0.061,1.6579,4.7951,Control,Biomass,Control
3M53611,0.0073,0.0478,0.0952,0.0088,0.0258,0.0094,0.0132,0.0094,0.0199,0.0037,0.0209,0.0097,1.7713,4.7355,Intervention,LPG,Intervention
3M53616,0.0054,0.034,0.0033,0.0081,0.0321,0.0117,0.0137,0.0046,0.0128,0.0201,0.0306,0.061,1.2482,5.1287,Intervention,LPG,Intervention
3M53619,0.0067,0.04,0.0351,0.0084,0.0176,0.0163,0.0132,0.0086,0.0115,0.0165,0.0155,0.01,0.4751,4.7249,Intervention,LPG,Intervention
3M53624,0.0111,0.0553,0.0382,0.018,0.0485,0.0421,0.0163,0.0107,0.0255,0.0202,0.0614,0.0114,2.6612,5.2166,Control,Biomass,Control
3M53628,0.014,0.0472,0.017,0.0137,0.063,0.0452,0.0156,0.0104,0.023,0.0037,0.0852,0.061,1.6842,5.8802,Control,Biomass,Control
3M53629,0.0097,0.0333,0.019,0.0314,0.2632,0.0339,0.0132,0.0092,0.0134,0.0037,0.5866,0.061,2.8161,13.6273,Control,Biomass,Control
3M53632,0.0229,0.0765,0.0744,0.028,0.1866,0.0513,0.0163,0.0134,0.0471,0.0172,0.2904,0.0132,2.65,9.0372,Control,Biomass,Control
3M53638,0.0048,0.034,0.0104,0.0061,0.0154,0.0056,0.0132,0.0046,0.0095,0.0037,0.0135,0.061,1.1241,4.6816,Intervention,LPG,Intervention
3M53639,0.013,0.0668,0.0452,0.0099,0.0384,0.0605,0.0143,0.0046,0.0276,0.0201,0.0473,0.01,2.9624,5.902,Intervention,LPG,Intervention
3M53650,0.0212,0.1748,0.3424,0.016,0.0958,0.0529,0.0211,0.0124,0.0675,0.0201,0.114,0.029,3.72,6.6539,Control,Biomass,Control
3M53653,0.0058,0.0333,0.0104,0.0109,0.0578,0.0072,0.0132,0.009,0.0137,0.0037,0.0603,0.061,2.3634,5.2759,Intervention,LPG,Intervention
3M53659,0.0058,0.0255,0.006,0.0242,0.123,0.0162,0.0132,0.0113,0.035,0.0037,0.1723,0.061,2.4,14.6357,Control,Biomass,Control
3M53660,0.0089,0.0324,0.0055,0.0179,0.0789,0.0301,0.0132,0.0112,0.0137,0.0183,0.0861,0.061,2.2701,6.1435,Control,Biomass,Control
3M53661,0.0058,0.0517,0.0204,0.0082,0.0172,0.0075,0.0132,0.0046,0.0177,0.0219,0.0286,0.061,1.8894,4.6877,Intervention,LPG,Intervention
3M53662,0.0107,0.084,0.1113,0.0198,0.0355,0.0229,0.016,0.0102,0.0354,0.0037,0.0333,0.0148,1.9069,4.9803,Intervention,LPG,Intervention
3M53664,0.0089,0.0896,0.0803,0.0175,0.0244,0.0307,0.0131,0.0088,0.041,0.015,0.0205,0.0127,0.8834,4.8225,Intervention,LPG,Intervention
3M53674,0.0092,0.0389,0.0095,0.0226,0.1316,0.0148,0.0132,0.0046,0.0132,0.0177,0.1704,0.0117,3.9984,6.2515,Control,Biomass,Control
3M53675,0.0066,0.0415,0.006,0.0147,0.0327,0.0099,0.0132,0.007,0.0162,0.0183,0.0197,0.0089,4.1294,5.0483,Intervention,LPG,Intervention
3M53676,0.0067,0.0389,0.0082,0.0195,0.0855,0.0068,0.0132,0.0046,0.0149,0.0183,0.1075,0.0109,1.3676,5.0179,Intervention,LPG,Intervention
3M53686,0.0063,0.0407,0.0104,0.0342,0.0294,0.0086,0.0132,0.0046,0.011,0.0181,0.016,0.061,0.9125,4.7673,Intervention,LPG,Intervention
3M53697,0.0063,0.0403,0.0112,0.0299,0.0261,0.0201,0.0151,0.0086,0.0172,0.0201,0.0223,0.061,2.5103,5.6438,Intervention,LPG,Intervention
3M53698,0.0111,0.0636,0.0532,0.0428,0.1158,0.0339,0.0178,0.0117,0.0343,0.0037,0.1542,0.061,2.0177,11.528,Control,Biomass,Control
3M53699,0.0059,0.0339,0.0032,0.0397,0.0155,0.0106,0.0132,0.0046,0.0096,0.0037,0.0096,0.061,3.4867,4.7849,Intervention,LPG,Intervention
3M53702,0.0087,0.0437,0.0201,0.0404,0.0551,0.0498,0.0164,0.0107,0.0163,0.0202,0.0392,0.0097,2.1866,5.9323,Control,Biomass,Control
3M53703,0.0078,0.0568,0.0268,0.0373,0.0483,0.0153,0.0169,0.0106,0.0233,0.0205,0.0316,0.061,2.1333,5.2019,Intervention,LPG,Intervention
3M53714,0.0158,0.0545,0.0416,0.0403,0.0915,0.0449,0.0152,0.0099,0.0213,0.0037,0.1297,0.061,1.6747,11.3482,Control,Biomass,Control
3M53716,0.0095,0.0086,0.0238,0.039,0.0866,0.0396,0.0093,0.0062,0.0171,0.0037,0.1235,0.061,4.1123,11.3482,Control,Biomass,Control
3M53722,0.0091,0.0331,0.0108,0.0389,0.1313,0.0329,0.0132,0.0103,0.0127,0.0181,0.1452,0.061,2.6097,13.2212,Control,Biomass,Control
3M53728,0.0044,0.0263,0.0104,0.0277,0.0418,0.0062,0.0132,0.0046,0.0104,0.0037,0.0178,0.061,2.0878,5.0388,Control,Biomass,Control
3M53742,0.0083,0.0573,0.0556,0.0187,0.0158,0.022,0.0178,0.0117,0.0281,0.0037,0.014,0.061,3.9733,4.8005,Intervention,LPG,Intervention
3M53757,0.0057,0.0323,0.0104,0.0321,0.1821,0.0098,0.0132,0.0093,0.0126,0.0037,0.2608,0.061,2.8458,6.9686,Control,Biomass,Control
3M53765,0.0056,0.0332,0.0104,0.0118,0.039,0.0112,0.0132,0.0046,0.0132,0.0037,0.0381,0.061,0.8007,4.6823,Intervention,LPG,Intervention
3M53775,0.0048,0.0424,0.0108,0.0137,0.0123,0.0063,0.016,0.0079,0.0139,0.0037,0.0125,0.061,0.716,4.736,Intervention,LPG,Intervention
3M53779,0.0069,0.04,0.0197,0.016,0.0175,0.0105,0.0132,0.0046,0.0137,0.0037,0.0139,0.0089,2.9052,5.5438,Intervention,LPG,Intervention
3M53790,0.014,0.0759,0.0996,0.0256,0.0965,0.0368,0.0132,0.0104,0.0325,0.0226,0.224,0.0147,1.9209,10.4036,Control,Biomass,Control
3M53795,0.0052,0.0384,0.013,0.0133,0.0112,0.0161,0.0173,0.0101,0.0168,0.0037,0.0106,0.061,0.9216,4.7331,Intervention,LPG,Intervention
3M53796,0.0042,0.0165,0.0348,0.0143,0.0128,0.0213,0.0106,0.0059,0.0246,0.0084,0.0107,0.061,0.4392,4.7331,Intervention,LPG,Intervention
3M53797,0.0062,0.0377,0.0354,0.0281,0.097,0.0132,0.0147,0.0077,0.0144,0.0037,0.1009,0.061,1.5561,8.1147,Control,Biomass,Control
3M53798,0.0051,0.0353,0.0036,0.0112,0.0103,0.007,0.0134,0.0079,0.0132,0.0183,0.0102,0.061,0.5207,4.6809,Intervention,LPG,Intervention
3M53800,0.0151,0.0561,0.0418,0.0242,0.1967,0.0286,0.0184,0.0106,0.0342,0.022,0.5707,0.061,1.9166,13.8518,Control,Biomass,Control
3M53802,0.0051,0.0408,0.0049,0.0151,0.0076,0.0079,0.0132,0.0046,0.0123,0.0037,0.0046,0.061,0.585,4.6876,Intervention,LPG,Intervention
3M53807,0.0081,0.0477,0.0295,0.0445,0.0827,0.0192,0.0164,0.011,0.017,0.0037,0.102,0.061,1.5435,9.4159,Intervention,LPG,Intervention
3M53808,0.0074,0.0269,0.0104,0.0221,0.0808,0.0155,0.0132,0.0046,0.0094,0.0037,0.0918,0.061,1.4569,6.282,Control,Biomass,Baseline
3M53810,0.0079,0.0366,0.0106,0.0297,0.0652,0.0233,0.0132,0.0088,0.0129,0.0037,0.1213,0.061,1.2966,9.8675,Control,Biomass,Control
3M53811,0.0067,0.0382,0.0092,0.0162,0.1043,0.0196,0.0158,0.0104,0.0149,0.0183,0.2017,0.061,2.0071,10.8195,Control,Biomass,Control
3M53813,0.0051,0.0266,0.0104,0.0236,0.033,0.0074,0.0132,0.0046,0.0111,0.0037,0.0197,0.061,1.3264,5.3085,Control,Biomass,Control
3M53816,0.0363,0.0555,0.0508,0.0278,0.0385,0.0465,0.0151,0.0046,0.0238,0.0037,0.0584,0.0104,1.8531,5.5072,Intervention,LPG,Intervention
3M53817,0.0074,0.0336,0.0255,0.0199,0.0218,0.0151,0.0136,0.0046,0.0123,0.0183,0.0118,0.061,1.1389,4.7252,Control,Biomass,Control
3M53819,0.0098,0.0945,0.1428,0.0155,0.0233,0.0257,0.0169,0.0127,0.0519,0.0037,0.018,0.0105,0.9464,4.7612,Intervention,LPG,Intervention
3M53821,0.0082,0.0408,0.0161,0.0306,0.0329,0.014,0.0148,0.0046,0.0183,0.0201,0.025,0.061,2.69,5.1333,Control,Biomass,Baseline
3M53829,0.0071,0.0654,0.0354,0.0275,0.0422,0.0101,0.0166,0.0046,0.0306,0.0202,0.0186,0.061,2.0054,5.0024,Control,Biomass,Control
3M53831,0.0273,0.0821,0.0946,0.0462,0.1542,0.0712,0.0186,0.0149,0.0355,0.0037,0.2445,0.061,2.8287,11.6276,Control,Biomass,Control
3M53845,0.0059,0.0324,0.0043,0.0199,0.0556,0.0099,0.0144,0.0091,0.0133,0.0037,0.0361,0.061,4.0432,5.313,Control,Biomass,Control
3M53849,0.0083,0.0293,0.0139,0.0267,0.1572,0.0177,0.015,0.0046,0.0162,0.0181,0.1714,0.061,3.3582,6.5612,Control,Biomass,Control
3M53854,0.0132,0.048,0.0299,0.0173,0.049,0.03,0.0151,0.009,0.0172,0.0201,0.0694,0.0139,2.4933,5.4126,Control,Biomass,Control
3M53855,0.0172,0.0485,0.0388,0.0366,0.2899,0.0451,0.016,0.0124,0.0301,0.0202,0.3939,0.061,2.4134,7.8964,Control,Biomass,Control
3M53856,0.0061,0.0431,0.0143,0.0114,0.0093,0.0069,0.0132,0.0088,0.0163,0.0221,0.0101,0.061,0.4508,4.6817,Intervention,LPG,Intervention
3M53861,0.0069,0.0419,0.0088,0.0156,0.0434,0.0129,0.0144,0.0046,0.017,0.0166,0.0347,0.061,2.6269,5.3554,Intervention,LPG,Intervention
3M53864,0.009,0.0416,0.031,0.0205,0.0793,0.0232,0.0132,0.0046,0.0153,0.0172,0.153,0.0099,NA,NA,Intervention,Biomass,Baseline
3M53866,0.0105,0.0609,0.0619,0.0196,0.1209,0.0161,0.0167,0.0101,0.0364,0.0037,0.2378,0.012,4.1041,6.1884,Intervention,Biomass,Baseline
3M53869,0.011,0.0546,0.0407,0.0181,0.0305,0.0186,0.0147,0.0102,0.0248,0.0201,0.0236,0.0151,1.9406,4.8425,Intervention,LPG,Intervention
3M53872,0.0117,0.1051,0.146,0.0247,0.087,0.0261,0.0219,0.0105,0.0576,0.0037,0.1628,0.014,2.744,9.3986,Control,Biomass,Control
3M53877,0.0382,0.0276,0.0104,0.0147,0.1176,0.0724,0.0132,0.0046,0.0137,0.0037,0.1667,0.061,3.0699,7.9241,Intervention,Biomass,Baseline
3M53881,0.0054,0.0381,0.0104,0.0043,0.0233,0.0085,0.0132,0.0097,0.0138,0.0037,0.0188,0.061,1.381,4.6819,Intervention,LPG,Intervention
3M53882,0.006,0.0392,0.0155,0.0043,0.0246,0.0186,0.0132,0.0046,0.0175,0.0202,0.0248,0.061,1.4948,4.7446,Intervention,LPG,Intervention
3M53883,0.0072,0.0373,0.0159,0.0048,0.0209,0.0113,0.0132,0.0046,0.0161,0.0201,0.0175,0.061,0.8729,4.689,Control,Biomass,Control
3M53884,0.0081,0.0302,0.0071,0.0311,0.1529,0.02,0.0129,0.0108,0.0146,0.0183,0.2249,0.061,1.6862,13.8957,Control,Biomass,Control
3M53891,0.0088,0.0328,0.0138,0.0144,0.0975,0.0266,0.0142,0.0101,0.019,0.0172,0.1611,0.061,1.9497,6.9061,Control,Biomass,Control
3M53895,0.0092,0.0373,0.0301,0.0273,0.1703,0.0327,0.0145,0.0084,0.0102,0.0203,0.1426,0.061,1.6194,8.7599,Control,Biomass,Control
3M53905,0.0081,0.0457,0.0228,0.0348,0.0591,0.0166,0.0154,0.0107,0.0179,0.0219,0.0997,0.061,1.723,9.0794,Control,Biomass,Control
3M53907,0.0047,0.0322,0.0104,0.0019,0.0047,0.005,0.0132,0.0046,0.0083,0.0037,0.0046,0.061,0.316,4.6837,Intervention,LPG,Intervention
3M53909,0.0044,0.0303,0.0104,0.0076,0.0079,0.0052,0.0132,0.008,0.0078,0.0037,0.0084,0.061,1.436,4.6823,Intervention,LPG,Intervention
3M53913,0.0121,0.0461,0.0326,0.0395,0.069,0.035,0.0156,0.0123,0.0189,0.0185,0.0896,0.061,3.3839,7.9152,Control,Biomass,Control
3M53921,0.0065,0.0514,0.0338,0.0122,0.0349,0.0199,0.0132,0.009,0.0223,0.0201,0.0306,0.061,2.4046,7.3526,Control,Biomass,Control
3M53926,0.0061,0.0365,0.0066,0.0195,0.0344,0.0086,0.0128,0.0077,0.0149,0.0169,0.017,0.0092,1.2852,5.072,Intervention,LPG,Intervention
3M53927,0.0063,0.0384,0.0172,0.0286,0.017,0.0099,0.0157,0.01,0.0147,0.0037,0.0121,0.061,1.3277,4.7136,Intervention,LPG,Intervention
3M53928,0.0085,0.0327,0.0302,0.0389,0.1979,0.0215,0.017,0.0046,0.0133,0.0221,0.2259,0.061,2.7972,10.9153,Control,Biomass,Control
3M53929,0.0075,0.0398,0.0206,0.0118,0.026,0.0161,0.0153,0.0046,0.0123,0.0037,0.0135,0.061,0.9229,4.7105,Intervention,LPG,Intervention
3M53931,0.0051,0.0299,0.0104,0.008,0.011,0.0087,0.014,0.0098,0.012,0.0037,0.0087,0.061,0.4687,4.6879,Intervention,LPG,Intervention
3M53936,0.0133,0.0614,0.1101,0.0512,0.3144,0.0412,0.0172,0.0103,0.024,0.0202,0.4554,0.061,3.0771,17.2309,Control,Biomass,Control
3M53938,0.0065,0.0442,0.0294,0.0247,0.025,0.0119,0.0173,0.0099,0.0156,0.0183,0.0126,0.061,1.05,5.0921,Intervention,LPG,Intervention
3M53940,0.0087,0.0454,0.0452,0.0185,0.0187,0.0153,0.0153,0.0103,0.0159,0.0202,0.0115,0.0113,0.7813,4.7507,Intervention,LPG,Intervention
3M53941,0.0075,0.0604,0.0483,0.0121,0.0184,0.036,0.0153,0.0102,0.0267,0.0037,0.0185,0.061,0.9006,4.7932,Intervention,LPG,Intervention
3M53951,0.0053,0.0388,0.0032,0.0089,0.0142,0.0163,0.0132,0.0046,0.0127,0.0037,0.0121,0.061,1.0025,4.9821,Intervention,LPG,Intervention
3M53957,0.0054,0.0292,0.0104,0.0149,0.0712,0.0123,0.0158,0.0088,0.0113,0.0037,0.1101,0.061,2.3386,13.0709,Control,Biomass,Control
3M53958,0.0056,0.0429,0.0314,0.0103,0.0128,0.0105,0.0132,0.0046,0.016,0.0202,0.0133,0.061,1.1711,4.6883,Intervention,LPG,Intervention
3M53965,0.0062,0.0367,0.0065,0.0155,0.1068,0.0126,0.0132,0.0046,0.0159,0.0037,0.101,0.061,3.0974,5.912,Control,Biomass,Control
3M53967,0.0041,0.009,0.0104,0.0147,0.0487,0.0133,0.0132,0.003,0.0127,0.0072,0.0233,0.061,1.6833,5.912,Control,Biomass,Control
3M53978,0.0151,0.1042,0.1889,0.019,0.082,0.0455,0.016,0.0098,0.0402,0.0037,0.1223,0.0157,2.4636,8.9141,Control,Biomass,Control
3M53981,0.0079,0.0526,0.0452,0.0131,0.0143,0.014,0.0132,0.0104,0.0225,0.0037,0.0123,0.061,1.2952,4.6888,Intervention,LPG,Intervention
3M53983,0.0057,0.0313,0.0104,0.0149,0.0326,0.0086,0.0152,0.0046,0.0104,0.0037,0.0213,0.061,1.278,4.8692,Intervention,LPG,Intervention
3M53991,0.0065,0.0408,0.0098,0.0162,0.0469,0.0101,0.0162,0.0046,0.0167,0.0184,0.0338,0.061,1.6539,4.8081,Intervention,LPG,Intervention
3M53993,0.005,0.0304,0.0116,0.0153,0.019,0.0071,0.0132,0.0046,0.0106,0.0201,0.012,0.061,2.0551,4.6941,Intervention,LPG,Intervention
3M53997,0.0061,0.0269,0.0104,0.0229,0.0841,0.0111,0.0132,0.0046,0.0126,0.0037,0.1792,0.061,1.6256,7.7111,Control,Biomass,Control
3M54012,0.0055,0.0308,0.0127,0.0118,0.0666,0.0155,0.0157,0.0046,0.0156,0.0037,0.0857,0.061,2.7029,7.0492,Control,Biomass,Baseline
3M54018,0.0046,0.0232,0.0104,0.0097,0.0424,0.0071,0.0132,0.0046,0.0102,0.0183,0.054,0.061,2.4165,5.5879,Control,Biomass,Control
3M54019,0.0056,0.0207,0.0104,0.0233,0.0469,0.0097,0.0132,0.0105,0.0112,0.0201,0.0389,0.061,1.4483,5.5579,Intervention,LPG,Intervention
3M54026,0.0105,0.0516,0.0372,0.0257,0.1182,0.0617,0.0191,0.0106,0.0272,0.0037,0.1863,0.061,2.1916,10.9751,Control,Biomass,Control
3M54029,0.0096,0.0345,0.0215,0.0478,0.497,0.0269,0.0144,0.011,0.0187,0.0037,1.3404,0.061,2.4021,27.659300000000002,Control,Biomass,Control
3M54030,0.008,0.0344,0.0104,0.021,0.1285,0.0169,0.0132,0.0088,0.0153,0.0205,0.1969,0.061,1.4299,7.7301,Control,Biomass,Control
3M54043,0.0066,0.0354,0.0104,0.0132,0.032,0.0123,0.013,0.0046,0.0104,0.0037,0.029,0.061,1.4223,5.3241,Control,Biomass,Control
3M54049,0.0059,0.0401,0.0104,0.0147,0.0275,0.0064,0.0138,0.0046,0.015,0.0037,0.0203,0.061,1.4527,4.9911,Intervention,LPG,Intervention
3M54051,0.0073,0.0773,0.069,0.018,0.0503,0.0215,0.0168,0.0123,0.0324,0.0037,0.0437,0.061,1.8288,5.0734,Intervention,LPG,Intervention
3M54054,0.0115,0.0417,0.0434,0.0385,0.3192,0.0353,0.0156,0.0046,0.0158,0.0201,0.4195,0.061,3.1015,13.6708,Control,Biomass,Control
3M54061,0.0072,0.0722,0.0624,0.0115,0.0151,0.0111,0.0165,0.0046,0.0243,0.0205,0.017,0.013,0.4676,4.786,Intervention,LPG,Intervention
3M54090,0.021,0.0399,0.0098,0.0398,0.304,0.0449,0.018,0.0108,0.0172,0.0183,0.2906,0.0116,1.5337,14.6244,Control,Biomass,Control
3M54098,0.0079,0.0582,0.04,0.0114,0.0202,0.0141,0.0158,0.0079,0.0275,0.017,0.022,0.0108,1.2347,4.7784,Intervention,LPG,Intervention
3M54107,0.0077,0.041,0.0104,0.0076,0.0388,0.0128,0.0132,0.0046,0.0142,0.0203,0.0543,0.061,1.0532,6.1745,Control,Biomass,Control
3M54108,0.0059,0.0313,0.0089,0.009,0.018,0.0103,0.0147,0.0095,0.0169,0.0037,0.017,0.061,0.6552,4.9401,Intervention,LPG,Intervention
3M54111,0.0062,0.0265,0.0104,0.0099,0.0199,0.0081,0.0132,0.0087,0.0094,0.0037,0.0149,0.061,0.6631,4.7117000000000004,Control,Biomass,Control
3M54114,0.0056,0.0287,0.011,0.009,0.0188,0.0139,0.0062,0.0046,0.0155,0.0081,0.0188,0.061,0.8133,4.9401,Intervention,LPG,Intervention
3M54121,0.0061,0.0318,0.0104,0.045,0.1982,0.0084,0.0132,0.0046,0.0124,0.0184,0.1866,0.061,1.4356,6.5283,Control,Biomass,Control
3M54133,0.0077,0.0369,0.0127,0.01,0.0148,0.0156,0.0132,0.0088,0.0107,0.0178,0.0148,0.061,0.5807,4.683,Intervention,LPG,Intervention
3M54138,0.011,0.0566,0.0766,0.012,0.033,0.02,0.0151,0.0079,0.0204,0.0037,0.0396,0.0129,1.1009,4.7423,Control,Biomass,Control
3M54162,0.0099,0.0316,0.0071,0.0431,0.0296,0.0273,0.0132,0.0129,0.0126,0.0037,0.0249,0.061,0.6145,4.7927,Control,Biomass,Control
3M54165,0.0082,0.0439,0.0147,0.0246,0.0227,0.0156,0.0132,0.0046,0.0184,0.0183,0.0148,0.061,0.7087,4.7236,Control,Biomass,Control
3M54166,0.0084,0.0386,0.0217,0.0455,0.0905,0.0284,0.0154,0.0107,0.0253,0.0037,0.1559,0.061,1.5802,10.2726,Control,Biomass,Control
3M54169,0.0048,0.0327,0.0104,0.0159,0.006,0.0067,0.0132,0.0046,0.0066,0.0037,0.0106,0.061,0.2832,4.6891,Intervention,LPG,Intervention
3M54171,0.0072,0.0367,0.0233,0.0524,0.2006,0.017,0.0132,0.0103,0.016,0.0037,0.378,0.061,1.6511,11.1249,Control,Biomass,Control
3M54178,0.0091,0.0449,0.0217,0.0318,0.0593,0.0244,0.0132,0.0085,0.02,0.0184,0.049,0.0106,1.3204,5.0684,Control,Biomass,Control
3M54179,0.0068,0.0416,0.0046,0.0134,0.0185,0.0129,0.014,0.0093,0.013,0.0202,0.0191,0.061,1.0366,4.881,Intervention,LPG,Intervention
3M54185,0.0102,0.0554,0.0312,0.0273,0.0355,0.0285,0.0158,0.0091,0.0273,0.0037,0.0316,0.061,1.2157,5.2215,Control,Biomass,Control
3M54186,0.0075,0.0432,0.0051,0.031,0.0611,0.0127,0.0127,0.0084,0.017,0.0175,0.0612,0.061,1.2812,5.65,Control,Biomass,Control
3M54196,0.0088,0.0468,0.0231,0.0327,0.0584,0.0364,0.0133,0.0109,0.0198,0.0184,0.0342,0.061,1.0613,5.4187,Control,Biomass,Control
3M54211,0.0098,0.0667,0.0537,0.0396,0.0461,0.0324,0.0132,0.0103,0.0272,0.0201,0.0262,0.0102,1.4805,5.7683,Intervention,LPG,Intervention
3M54217,0.0081,0.04,0.0128,0.0423,0.053,0.0154,0.0153,0.0083,0.0193,0.0201,0.0304,0.061,1.0362,5.48,Control,Biomass,Control
3M54223,0.0075,0.0394,0.0176,0.0387,0.0384,0.0166,0.0132,0.0046,0.0208,0.0037,0.0207,0.0097,1.1196,5.0549,Intervention,LPG,Intervention
3M54224,0.0062,0.0068,0.0084,0.0372,0.0454,0.0181,0.0085,0.0046,0.0186,0.0099,0.0264,0.061,1.1009,5.48,Control,Biomass,Control
3M54234,0.0095,0.0295,0.0104,0.0302,0.0226,0.0221,0.0132,0.0109,0.0112,0.0201,0.0142,0.061,0.5457,4.7611,Control,Biomass,Control
3M54239,0.0074,0.0338,0.0058,0.0397,0.0917,0.0161,0.0132,0.0046,0.0143,0.0037,0.1113,0.061,1.5214,7.813,Control,Biomass,Control
3M54243,0.0119,0.0347,0.0248,0.0495,0.2512,0.0294,0.0132,0.0092,0.0149,0.0037,0.5607,0.061,2.8055,10.8946,Control,Biomass,Control
3M54244,0.0057,0.0313,0.0104,0.0301,0.0157,0.0061,0.0151,0.0046,0.0102,0.0184,0.0105,0.061,0.5112,4.7355,Intervention,LPG,Intervention
3M54248,0.0059,0.042,0.0085,0.036,0.0272,0.0104,0.0148,0.0046,0.0177,0.0184,0.0141,0.061,0.8121,4.9238,Intervention,LPG,Intervention
3M54257,0.0139,0.0398,0.0361,0.052,0.1911,0.0638,0.0178,0.0133,0.0305,0.0037,0.3018,0.061,1.3585,13.2567,Control,Biomass,Control
3M54263,0.006,0.033,0.0104,0.0146,0.0175,0.0103,0.0132,0.0086,0.0123,0.0037,0.013,0.061,0.7176,4.7899,Intervention,LPG,Intervention
3M54266,0.0064,0.0347,0.0377,0.0195,0.036,0.0071,0.0139,0.0101,0.0129,0.0203,0.0265,0.0104,2.0587,4.8247,Intervention,LPG,Intervention
3M54270,0.0112,0.1084,0.1662,0.0262,0.0944,0.024,0.0189,0.0104,0.0406,0.022,0.2006,0.0149,1.3047,14.1051,Control,Biomass,Control
3M54276,0.0067,0.0591,0.0361,0.0143,0.0217,0.0116,0.0132,0.0103,0.0206,0.0185,0.0183,0.061,0.8059,4.8054,Intervention,LPG,Intervention
